"dataset.id";"dataset.title";"dataset.slug";"dataset.url";"dataset.organization";"dataset.organization_id";"dataset.license";"dataset.private";"id";"url";"title";"description";"filetype";"format";"mime";"filesize";"checksum.type";"checksum.value";"created_at";"modified";"downloads"
"5e7e104ace2080d9162b61d8";"Données hospitalières relatives à l'épidémie de COVID-19";"donnees-hospitalieres-relatives-a-lepidemie-de-covid-19";"https://www.data.gouv.fr/fr/datasets/donnees-hospitalieres-relatives-a-lepidemie-de-covid-19/";"Santé publique France";"5e721a395d57f93d0bed451f";"Licence Ouverte / Open Licence version 2.0";False;"63352e38-d353-4b54-bfd1-f1b3ee1cabd7";"https://static.data.gouv.fr/resources/donnees-hospitalieres-relatives-a-lepidemie-de-covid-19/20201023-190136/donnees-hospitalieres-covid19-2020-10-23-19h00.csv";"donnees-hospitalieres-covid19-2020-10-23-19h00.csv";"";"file";"csv";"text/csv";2138867;"sha1";"7f00670785bbbe053d4edf04e07a427b2fd55f1b";"2020-03-27T15:43:24.230000";"2020-10-23T19:01:36.997000";27300
"5e7e104ace2080d9162b61d8";"Données hospitalières relatives à l'épidémie de COVID-19";"donnees-hospitalieres-relatives-a-lepidemie-de-covid-19";"https://www.data.gouv.fr/fr/datasets/donnees-hospitalieres-relatives-a-lepidemie-de-covid-19/";"Santé publique France";"5e721a395d57f93d0bed451f";"Licence Ouverte / Open Licence version 2.0";False;"6fadff46-9efd-4c53-942a-54aca783c30c";"https://static.data.gouv.fr/resources/donnees-hospitalieres-relatives-a-lepidemie-de-covid-19/20201023-190138/donnees-hospitalieres-nouveaux-covid19-2020-10-23-19h00.csv";"donnees-hospitalieres-nouveaux-covid19-2020-10-23-19h00.csv";"";"file";"csv";"text/csv";518063;"sha1";"21435511fb07809cb23a6362637c56ab93fd0800";"2020-04-07T22:32:02.138000";"2020-10-23T19:01:39.049000";25413
"5e7e104ace2080d9162b61d8";"Données hospitalières relatives à l'épidémie de COVID-19";"donnees-hospitalieres-relatives-a-lepidemie-de-covid-19";"https://www.data.gouv.fr/fr/datasets/donnees-hospitalieres-relatives-a-lepidemie-de-covid-19/";"Santé publique France";"5e721a395d57f93d0bed451f";"Licence Ouverte / Open Licence version 2.0";False;"08c18e08-6780-452d-9b8c-ae244ad529b3";"https://static.data.gouv.fr/resources/donnees-hospitalieres-relatives-a-lepidemie-de-covid-19/20201023-190138/donnees-hospitalieres-classe-age-covid19-2020-10-23-19h00.csv";"donnees-hospitalieres-classe-age-covid19-2020-10-23-19h00.csv";"";"file";"csv";"text/csv";1410830;"sha1";"189bc26bcc9dc404bb87b29d573f18f269902589";"2020-04-08T17:10:58.309000";"2020-10-23T19:01:38.357000";10825
"5e7e104ace2080d9162b61d8";"Données hospitalières relatives à l'épidémie de COVID-19";"donnees-hospitalieres-relatives-a-lepidemie-de-covid-19";"https://www.data.gouv.fr/fr/datasets/donnees-hospitalieres-relatives-a-lepidemie-de-covid-19/";"Santé publique France";"5e721a395d57f93d0bed451f";"Licence Ouverte / Open Licence version 2.0";False;"41b9bd2a-b5b6-4271-8878-e45a8902ef00";"https://static.data.gouv.fr/resources/donnees-hospitalieres-relatives-a-lepidemie-de-covid-19/20201023-190137/donnees-hospitalieres-etablissements-covid19-2020-10-23-19h00.csv";"donnees-hospitalieres-etablissements-covid19-2020-10-23-19h00.csv";"";"file";"csv";"text/csv";459727;"sha1";"8d00cee5f7e972048793e19f587ba104f6a3efe4";"2020-03-27T15:43:24.329000";"2020-10-23T19:01:37.637000";6820
"5e7e104ace2080d9162b61d8";"Données hospitalières relatives à l'épidémie de COVID-19";"donnees-hospitalieres-relatives-a-lepidemie-de-covid-19";"https://www.data.gouv.fr/fr/datasets/donnees-hospitalieres-relatives-a-lepidemie-de-covid-19/";"Santé publique France";"5e721a395d57f93d0bed451f";"Licence Ouverte / Open Licence version 2.0";False;"3f0f1885-25f4-4102-bbab-edec5a58e34a";"https://static.data.gouv.fr/resources/donnees-hospitalieres-relatives-a-lepidemie-de-covid-19/20200327-154414/metadonnees-donnees-hospitalieres-covid19.csv";"metadonnees-donnees-hospitalieres-covid19.csv";"";"file";"csv";"text/csv";649;"sha1";"7560d00132aeefe87f21da9c00c5386db802d798";"2020-03-27T15:44:14.242000";"2020-03-27T15:44:28.796000";4216
"5e7e104ace2080d9162b61d8";"Données hospitalières relatives à l'épidémie de COVID-19";"donnees-hospitalieres-relatives-a-lepidemie-de-covid-19";"https://www.data.gouv.fr/fr/datasets/donnees-hospitalieres-relatives-a-lepidemie-de-covid-19/";"Santé publique France";"5e721a395d57f93d0bed451f";"Licence Ouverte / Open Licence version 2.0";False;"4900f53f-750d-4c5a-9df7-2d4ceb018acf";"https://static.data.gouv.fr/resources/donnees-hospitalieres-relatives-a-lepidemie-de-covid-19/20200407-223014/metadonnees-hospit-incid.csv";"metadonnees-donnees-hospitalieres-covid19-nouveaux.csv";"";"file";"csv";"text/csv";653;"sha1";"39939611809f7717a87b1b88ad13c1aa0eb3a44e";"2020-04-07T22:30:14.828000";"2020-04-08T17:44:10.666000";1709
"5e7e104ace2080d9162b61d8";"Données hospitalières relatives à l'épidémie de COVID-19";"donnees-hospitalieres-relatives-a-lepidemie-de-covid-19";"https://www.data.gouv.fr/fr/datasets/donnees-hospitalieres-relatives-a-lepidemie-de-covid-19/";"Santé publique France";"5e721a395d57f93d0bed451f";"Licence Ouverte / Open Licence version 2.0";False;"929dff1b-b07c-4637-9690-fb7219ad3eb8";"https://static.data.gouv.fr/resources/donnees-hospitalieres-relatives-a-lepidemie-de-covid-19/20200408-181901/metadonnees-donnees-hospitalieres-covid19-classes-age.csv";"metadonnees-donnees-hospitalieres-covid19-classes-age.csv";"";"file";"csv";"text/csv";944;"sha1";"a97fb37a5447115b74123b997aa2e7ebd6b2af38";"2020-04-08T18:19:01.934000";"2020-04-08T18:19:09.680000";1537
"5e7e104ace2080d9162b61d8";"Données hospitalières relatives à l'épidémie de COVID-19";"donnees-hospitalieres-relatives-a-lepidemie-de-covid-19";"https://www.data.gouv.fr/fr/datasets/donnees-hospitalieres-relatives-a-lepidemie-de-covid-19/";"Santé publique France";"5e721a395d57f93d0bed451f";"Licence Ouverte / Open Licence version 2.0";False;"415c852b-7898-40f8-8f71-b9171faf4516";"https://static.data.gouv.fr/resources/donnees-hospitalieres-relatives-a-lepidemie-de-covid-19/20200327-154414/metadonnees-services-hospitaliers-covid19.csv";"metadonnees-services-hospitaliers-covid19.csv";"";"file";"csv";"text/csv";327;"sha1";"48bbc9297e5c17bc62d16e92fa1d359c53825bc1";"2020-03-27T15:44:14.232000";"2020-03-27T15:44:36.435000";1521
"5e7e104ace2080d9162b61d8";"Données hospitalières relatives à l'épidémie de COVID-19";"donnees-hospitalieres-relatives-a-lepidemie-de-covid-19";"https://www.data.gouv.fr/fr/datasets/donnees-hospitalieres-relatives-a-lepidemie-de-covid-19/";"Santé publique France";"5e721a395d57f93d0bed451f";"Licence Ouverte / Open Licence version 2.0";False;"9f94a259-2a8a-441d-bd0b-d6b45697d477";"https://static.data.gouv.fr/resources/donnees-hospitalieres-relatives-a-lepidemie-de-covid-19/20200331-160422/metadonnees-sexe.csv";"metadonnees-sexe.csv";"";"file";"csv";"text/csv";422;"sha1";"a8ce869dd07b486f3e40cff6b59d68365180871f";"2020-03-31T16:04:22.961000";"2020-03-31T16:04:34.712000";2007
"5ec29690e2e5bc38ffc5aae7";"Données de certification électronique des décès associés au COVID-19 (CEPIDC)";"donnees-de-certification-electronique-des-deces-associes-au-covid-19-cepidc";"https://www.data.gouv.fr/fr/datasets/donnees-de-certification-electronique-des-deces-associes-au-covid-19-cepidc/";"Santé publique France";"5e721a395d57f93d0bed451f";"Licence Ouverte / Open Licence version 2.0";False;"d0420516-e193-4c57-a68f-5b082345b439";"https://static.data.gouv.fr/resources/donnees-de-certification-electronique-des-deces-associes-au-covid-19-cepidc/20200518-185624/covid-cedc-sex-quot.csv";"covid-cedc-sex-quot.csv";"Nombre cumulé de décès associés au Covid-19 par sexe et par département.";"file";"csv";"text/csv";445302;"sha1";"cf79364cfec3801aaeaff4d260cb840c6743bb78";"2020-05-18T18:56:24.925000";"2020-05-18T18:57:19.098000";160
"5ec29690e2e5bc38ffc5aae7";"Données de certification électronique des décès associés au COVID-19 (CEPIDC)";"donnees-de-certification-electronique-des-deces-associes-au-covid-19-cepidc";"https://www.data.gouv.fr/fr/datasets/donnees-de-certification-electronique-des-deces-associes-au-covid-19-cepidc/";"Santé publique France";"5e721a395d57f93d0bed451f";"Licence Ouverte / Open Licence version 2.0";False;"b09da629-e48a-4baa-8d43-9ae28b3248da";"https://static.data.gouv.fr/resources/donnees-de-certification-electronique-des-deces-associes-au-covid-19-cepidc/20200518-185536/covid-cedc-quot.csv";"covid-cedc-quot.csv";"Nombre cumulé de décès par âge par région.";"file";"csv";"text/csv";324843;"sha1";"66d8217230c3226c7d40395092cb83ef83b8a1df";"2020-05-18T18:55:37.153000";"2020-05-18T19:00:08.509000";80
"5ec29690e2e5bc38ffc5aae7";"Données de certification électronique des décès associés au COVID-19 (CEPIDC)";"donnees-de-certification-electronique-des-deces-associes-au-covid-19-cepidc";"https://www.data.gouv.fr/fr/datasets/donnees-de-certification-electronique-des-deces-associes-au-covid-19-cepidc/";"Santé publique France";"5e721a395d57f93d0bed451f";"Licence Ouverte / Open Licence version 2.0";False;"f0cf797f-5506-4ef0-b1f8-7979c2b7efc0";"https://static.data.gouv.fr/resources/donnees-de-certification-electronique-des-deces-associes-au-covid-19-cepidc/20200518-184950/covid-cedc-certif.csv";"covid-cedc-certif.csv";"Nombre cumulé d’établissements ou médecins non affiliés ayant certifié au moins 1 décès associé au Covid-19 par région.";"file";"csv";"text/csv";131170;"sha1";"0d0898ef0d0191ed0053f12cbc11532f630e440a";"2020-05-18T18:49:50.938000";"2020-05-18T19:01:38.482000";1
"5ec29690e2e5bc38ffc5aae7";"Données de certification électronique des décès associés au COVID-19 (CEPIDC)";"donnees-de-certification-electronique-des-deces-associes-au-covid-19-cepidc";"https://www.data.gouv.fr/fr/datasets/donnees-de-certification-electronique-des-deces-associes-au-covid-19-cepidc/";"Santé publique France";"5e721a395d57f93d0bed451f";"Licence Ouverte / Open Licence version 2.0";False;"2acb510e-1619-4d5e-8e33-6abd5b4be455";"https://static.data.gouv.fr/resources/donnees-de-certification-electronique-des-deces-associes-au-covid-19-cepidc/20200518-161007/metadata-classe-d-age.csv";"metadata-classe-d-age.csv";"Description des classes d'âge. ";"file";"csv";"text/csv";182;"sha1";"4d9ee6ea26c2dc24c6a0e7cefeab2b3e5cd1cfd3";"2020-05-18T16:10:07.188000";"2020-05-18T16:10:26.652000";8
"5ec29690e2e5bc38ffc5aae7";"Données de certification électronique des décès associés au COVID-19 (CEPIDC)";"donnees-de-certification-electronique-des-deces-associes-au-covid-19-cepidc";"https://www.data.gouv.fr/fr/datasets/donnees-de-certification-electronique-des-deces-associes-au-covid-19-cepidc/";"Santé publique France";"5e721a395d57f93d0bed451f";"Licence Ouverte / Open Licence version 2.0";False;"786531ae-2359-4f2c-8fcf-85a0edb086bd";"https://static.data.gouv.fr/resources/donnees-de-certification-electronique-des-deces-associes-au-covid-19-cepidc/20200518-160942/metadata-cepidc.csv";"metadata-cepidc.csv";"Description des métadonnées. ";"file";"csv";"text/csv";520;"sha1";"8d0332f2e30c8589d54d9b654280f2920aa2d739";"2020-05-18T16:09:42.394000";"2020-05-18T16:10:01.373000";0
"5ed11705afd28672e40fbc2f";"Capacité analytique de tests virologiques dans le cadre de l'épidémie COVID-19";"capacite-analytique-de-tests-virologiques-dans-le-cadre-de-lepidemie-covid-19";"https://www.data.gouv.fr/fr/datasets/capacite-analytique-de-tests-virologiques-dans-le-cadre-de-lepidemie-covid-19/";"Santé publique France";"5e721a395d57f93d0bed451f";"Licence Ouverte / Open Licence";False;"feb70fe7-482e-4429-b5a3-677f70859bbb";"https://static.data.gouv.fr/resources/capacite-analytique-de-tests-virologiques-dans-le-cadre-de-lepidemie-covid-19/20201021-094719/sidep-note-methodo-270820.pdf";"sidep-note-methodo-270820.pdf";"";"file";"pdf";"application/pdf";418200;"sha1";"525806ddf75a26bd9255d306e20ff5fe206212a6";"2020-10-21T09:47:19.897000";"2020-10-21T09:47:23.186000";0
"5ed11705afd28672e40fbc2f";"Capacité analytique de tests virologiques dans le cadre de l'épidémie COVID-19";"capacite-analytique-de-tests-virologiques-dans-le-cadre-de-lepidemie-covid-19";"https://www.data.gouv.fr/fr/datasets/capacite-analytique-de-tests-virologiques-dans-le-cadre-de-lepidemie-covid-19/";"Santé publique France";"5e721a395d57f93d0bed451f";"Licence Ouverte / Open Licence";False;"8737e372-29f8-4d00-a7cc-6e7636d83326";"https://static.data.gouv.fr/resources/capacite-analytique-de-tests-virologiques-dans-le-cadre-de-lepidemie-covid-19/20201021-094711/faq-geodes-sidep-250920.pdf";"faq-geodes-sidep-250920.pdf";"";"file";"pdf";"application/pdf";321851;"sha1";"d87300836b4b88c5a48171625232fcc575c16653";"2020-10-21T09:47:11.515000";"2020-10-21T09:47:14.551000";0
"5ed11705afd28672e40fbc2f";"Capacité analytique de tests virologiques dans le cadre de l'épidémie COVID-19";"capacite-analytique-de-tests-virologiques-dans-le-cadre-de-lepidemie-covid-19";"https://www.data.gouv.fr/fr/datasets/capacite-analytique-de-tests-virologiques-dans-le-cadre-de-lepidemie-covid-19/";"Santé publique France";"5e721a395d57f93d0bed451f";"Licence Ouverte / Open Licence";False;"e7dfed9b-21f3-48ac-b9ff-9ba7866f6ae4";"https://static.data.gouv.fr/resources/capacite-analytique-de-tests-virologiques-dans-le-cadre-de-lepidemie-covid-19/20201023-191517/sp-capa-heb-fra-2020-10-23-19h15.csv";"sp-capa-heb-fra-2020-10-23-19h15.csv";"Capacité analytique par semaine à l'échelle nationale.";"file";"csv";"text/csv";639;"sha1";"6bf448b0d732908139291e28909ff27cd2aa0519";"2020-05-29T18:50:21.027000";"2020-10-23T19:15:17.663000";8
"5ed11705afd28672e40fbc2f";"Capacité analytique de tests virologiques dans le cadre de l'épidémie COVID-19";"capacite-analytique-de-tests-virologiques-dans-le-cadre-de-lepidemie-covid-19";"https://www.data.gouv.fr/fr/datasets/capacite-analytique-de-tests-virologiques-dans-le-cadre-de-lepidemie-covid-19/";"Santé publique France";"5e721a395d57f93d0bed451f";"Licence Ouverte / Open Licence";False;"c96f861d-7ec4-4725-859a-b2b62f66c7f8";"https://static.data.gouv.fr/resources/capacite-analytique-de-tests-virologiques-dans-le-cadre-de-lepidemie-covid-19/20201023-191515/sp-capa-heb-dep-2020-10-23-19h15.csv";"sp-capa-heb-dep-2020-10-23-19h15.csv";"Capacité analytique par semaine par département.";"file";"csv";"text/csv";55532;"sha1";"104e6dae4fcc16bb3ac9bab13a83be3e4495cc91";"2020-05-29T18:50:20.828000";"2020-10-23T19:15:15.459000";1
"5ed11705afd28672e40fbc2f";"Capacité analytique de tests virologiques dans le cadre de l'épidémie COVID-19";"capacite-analytique-de-tests-virologiques-dans-le-cadre-de-lepidemie-covid-19";"https://www.data.gouv.fr/fr/datasets/capacite-analytique-de-tests-virologiques-dans-le-cadre-de-lepidemie-covid-19/";"Santé publique France";"5e721a395d57f93d0bed451f";"Licence Ouverte / Open Licence";False;"21ff3134-c37c-41ef-bb3d-fbea5f6d4a28";"https://static.data.gouv.fr/resources/capacite-analytique-de-tests-virologiques-dans-le-cadre-de-lepidemie-covid-19/20201023-191512/sp-capa-quot-reg-2020-10-23-19h15.csv";"sp-capa-quot-reg-2020-10-23-19h15.csv";"Capacité analytique par semaine par région.";"file";"csv";"text/csv";87333;"sha1";"5a611a076dd8ac2e511f28208fac3b905238b420";"2020-05-29T18:50:20.725000";"2020-10-23T19:15:12.435000";7
"5ed11705afd28672e40fbc2f";"Capacité analytique de tests virologiques dans le cadre de l'épidémie COVID-19";"capacite-analytique-de-tests-virologiques-dans-le-cadre-de-lepidemie-covid-19";"https://www.data.gouv.fr/fr/datasets/capacite-analytique-de-tests-virologiques-dans-le-cadre-de-lepidemie-covid-19/";"Santé publique France";"5e721a395d57f93d0bed451f";"Licence Ouverte / Open Licence";False;"0c230dc3-2d51-4f17-be97-aa9938564b39";"https://static.data.gouv.fr/resources/capacite-analytique-de-tests-virologiques-dans-le-cadre-de-lepidemie-covid-19/20201023-191504/sp-capa-quot-dep-2020-10-23-19h15.csv";"sp-capa-quot-dep-2020-10-23-19h15.csv";"Capacité analytique par jour par département.";"file";"csv";"text/csv";423911;"sha1";"813b601dd26f106fbce6953e09e3f1c4e33fdafa";"2020-05-29T18:50:20.717000";"2020-10-23T19:15:04.923000";11
"5ed11705afd28672e40fbc2f";"Capacité analytique de tests virologiques dans le cadre de l'épidémie COVID-19";"capacite-analytique-de-tests-virologiques-dans-le-cadre-de-lepidemie-covid-19";"https://www.data.gouv.fr/fr/datasets/capacite-analytique-de-tests-virologiques-dans-le-cadre-de-lepidemie-covid-19/";"Santé publique France";"5e721a395d57f93d0bed451f";"Licence Ouverte / Open Licence";False;"44b46964-8583-4f18-b93f-80fefcbf3b74";"https://static.data.gouv.fr/resources/capacite-analytique-de-tests-virologiques-dans-le-cadre-de-lepidemie-covid-19/20201023-191504/sp-capa-quot-fra-2020-10-23-19h15.csv";"sp-capa-quot-fra-2020-10-23-19h15.csv";"Capacité analytique par jour à l'échelle nationale.";"file";"csv";"text/csv";4739;"sha1";"70c6504bfa628cd2c570b77a57b22f08fe3cb5ad";"2020-05-29T18:50:20.582000";"2020-10-23T19:15:04.423000";2
"5ed11705afd28672e40fbc2f";"Capacité analytique de tests virologiques dans le cadre de l'épidémie COVID-19";"capacite-analytique-de-tests-virologiques-dans-le-cadre-de-lepidemie-covid-19";"https://www.data.gouv.fr/fr/datasets/capacite-analytique-de-tests-virologiques-dans-le-cadre-de-lepidemie-covid-19/";"Santé publique France";"5e721a395d57f93d0bed451f";"Licence Ouverte / Open Licence";False;"f02b627a-9f9c-45f9-810d-af49ef98a0b1";"https://static.data.gouv.fr/resources/capacite-analytique-de-tests-virologiques-dans-le-cadre-de-lepidemie-covid-19/20201023-191511/sp-capa-heb-reg-2020-10-23-19h15.csv";"sp-capa-heb-reg-2020-10-23-19h15.csv";"Capacité analytique par semaine par région.";"file";"csv";"text/csv";11462;"sha1";"66b5e8e844a40fa389dd357079b5fe3d4443a010";"2020-05-29T18:50:20.442000";"2020-10-23T19:15:11.587000";1
"5ed11705afd28672e40fbc2f";"Capacité analytique de tests virologiques dans le cadre de l'épidémie COVID-19";"capacite-analytique-de-tests-virologiques-dans-le-cadre-de-lepidemie-covid-19";"https://www.data.gouv.fr/fr/datasets/capacite-analytique-de-tests-virologiques-dans-le-cadre-de-lepidemie-covid-19/";"Santé publique France";"5e721a395d57f93d0bed451f";"Licence Ouverte / Open Licence";False;"185c0513-bda5-4345-991b-f2dcf6ff7291";"https://static.data.gouv.fr/resources/capacite-analytique-de-tests-virologiques-dans-le-cadre-de-lepidemie-covid-19/20200703-191525/sp-capa-quot-2020-07-03-19h15.xlsx";"sp-capa-quot-2020-07-03-19h15.xlsx";"Capacité analytique par jour par département, région et échelle nationale.";"file";"xlsx";"application/vnd.openxmlformats-officedocument.spreadsheetml.sheet";137538;"sha1";"5ec10583425cb3b84333c6c71093d3c38a463432";"2020-05-29T18:45:32.268000";"2020-07-03T19:15:25.543000";0
"5ed11705afd28672e40fbc2f";"Capacité analytique de tests virologiques dans le cadre de l'épidémie COVID-19";"capacite-analytique-de-tests-virologiques-dans-le-cadre-de-lepidemie-covid-19";"https://www.data.gouv.fr/fr/datasets/capacite-analytique-de-tests-virologiques-dans-le-cadre-de-lepidemie-covid-19/";"Santé publique France";"5e721a395d57f93d0bed451f";"Licence Ouverte / Open Licence";False;"f20729ce-932d-4425-bcc6-6abd8b709fc7";"https://static.data.gouv.fr/resources/capacite-analytique-de-tests-virologiques-dans-le-cadre-de-lepidemie-covid-19/20200701-191533/sp-capa-heb-2020-07-01-19h15.xlsx";"sp-capa-heb-2020-07-01-19h15.xlsx";"Capacité analytique par semaine par département, région et échelle nationale.";"file";"xlsx";"application/vnd.openxmlformats-officedocument.spreadsheetml.sheet";24616;"sha1";"7c143f48351198c8540b7fbdc270235bbe4b6a58";"2020-05-29T18:45:28.435000";"2020-07-01T19:15:33.848000";0
"5ed11705afd28672e40fbc2f";"Capacité analytique de tests virologiques dans le cadre de l'épidémie COVID-19";"capacite-analytique-de-tests-virologiques-dans-le-cadre-de-lepidemie-covid-19";"https://www.data.gouv.fr/fr/datasets/capacite-analytique-de-tests-virologiques-dans-le-cadre-de-lepidemie-covid-19/";"Santé publique France";"5e721a395d57f93d0bed451f";"Licence Ouverte / Open Licence";False;"af654762-d852-436a-97ef-89ae403605a7";"https://static.data.gouv.fr/resources/capacite-analytique-de-tests-virologiques-dans-le-cadre-de-lepidemie-covid-19/20201023-191514/sp-couv-quot-dep-2020-10-23-19h15.csv";"sp-couv-quot-dep-2020-10-23-19h15.csv";"";"file";"csv";"text/csv";524731;"sha1";"1435bba5a60da958af2ce0acf598c646d9a52071";"2020-05-29T19:06:35.507000";"2020-10-23T19:15:15.059000";0
"5ed11705afd28672e40fbc2f";"Capacité analytique de tests virologiques dans le cadre de l'épidémie COVID-19";"capacite-analytique-de-tests-virologiques-dans-le-cadre-de-lepidemie-covid-19";"https://www.data.gouv.fr/fr/datasets/capacite-analytique-de-tests-virologiques-dans-le-cadre-de-lepidemie-covid-19/";"Santé publique France";"5e721a395d57f93d0bed451f";"Licence Ouverte / Open Licence";False;"8dcf981d-ab4c-4edf-be61-f24345ae97c4";"https://static.data.gouv.fr/resources/capacite-analytique-de-tests-virologiques-dans-le-cadre-de-lepidemie-covid-19/20201023-191514/sp-couv-quot-reg-2020-10-23-19h15.csv";"sp-couv-quot-reg-2020-10-23-19h15.csv";"";"file";"csv";"text/csv";107898;"sha1";"18bbe7d4fb462aa045ba1dcc05a82bc7f367952d";"2020-05-29T19:06:35.508000";"2020-10-23T19:15:14.683000";0
"5ed11705afd28672e40fbc2f";"Capacité analytique de tests virologiques dans le cadre de l'épidémie COVID-19";"capacite-analytique-de-tests-virologiques-dans-le-cadre-de-lepidemie-covid-19";"https://www.data.gouv.fr/fr/datasets/capacite-analytique-de-tests-virologiques-dans-le-cadre-de-lepidemie-covid-19/";"Santé publique France";"5e721a395d57f93d0bed451f";"Licence Ouverte / Open Licence";False;"3066a40c-36ec-4513-9458-ab5d0f3aea78";"https://static.data.gouv.fr/resources/capacite-analytique-de-tests-virologiques-dans-le-cadre-de-lepidemie-covid-19/20201023-191516/sp-couv-quot-fra-2020-10-23-19h15.csv";"sp-couv-quot-fra-2020-10-23-19h15.csv";"";"file";"csv";"text/csv";6799;"sha1";"c830d13bf550a585539a774cddc6f39f753ddce4";"2020-05-29T19:06:35.590000";"2020-10-23T19:15:16.639000";0
"5ed11705afd28672e40fbc2f";"Capacité analytique de tests virologiques dans le cadre de l'épidémie COVID-19";"capacite-analytique-de-tests-virologiques-dans-le-cadre-de-lepidemie-covid-19";"https://www.data.gouv.fr/fr/datasets/capacite-analytique-de-tests-virologiques-dans-le-cadre-de-lepidemie-covid-19/";"Santé publique France";"5e721a395d57f93d0bed451f";"Licence Ouverte / Open Licence";False;"ab502abd-428d-4d25-8ea0-0ed7be8c2b35";"https://static.data.gouv.fr/resources/capacite-analytique-de-tests-virologiques-dans-le-cadre-de-lepidemie-covid-19/20200703-191521/sp-couv-quot-2020-07-03-19h15.xlsx";"sp-couv-quot-2020-07-03-19h15.xlsx";"";"file";"xlsx";"application/vnd.openxmlformats-officedocument.spreadsheetml.sheet";197016;"sha1";"fdeaa7ebc696a31ba61468440c7d5c033349cb95";"2020-05-29T19:00:26.987000";"2020-07-03T19:15:21.887000";0
"5ed11705afd28672e40fbc2f";"Capacité analytique de tests virologiques dans le cadre de l'épidémie COVID-19";"capacite-analytique-de-tests-virologiques-dans-le-cadre-de-lepidemie-covid-19";"https://www.data.gouv.fr/fr/datasets/capacite-analytique-de-tests-virologiques-dans-le-cadre-de-lepidemie-covid-19/";"Santé publique France";"5e721a395d57f93d0bed451f";"Licence Ouverte / Open Licence";False;"7b20c34b-9123-4c6d-8ded-ee47bfd9e83b";"https://static.data.gouv.fr/resources/capacite-analytique-de-tests-virologiques-dans-le-cadre-de-lepidemie-covid-19/20200529-184107/metadonnees-capacite-analytique.xlsx";"metadonnees-capacite-analytique.xlsx";"Description des métadonnées.";"file";"xlsx";"application/vnd.openxmlformats-officedocument.spreadsheetml.sheet";9074;"sha1";"c713bea0c4840c85b282d72ea313f6771aa5dc37";"2020-05-29T18:41:07.771000";"2020-05-30T22:22:14.553000";1
"5e7de8cf4663c08d4f74ba01";"Données relatives aux tests de dépistage de COVID-19 réalisés en laboratoire de ville";"donnees-relatives-aux-tests-de-depistage-de-covid-19-realises-en-laboratoire-de-ville";"https://www.data.gouv.fr/fr/datasets/donnees-relatives-aux-tests-de-depistage-de-covid-19-realises-en-laboratoire-de-ville/";"Santé publique France";"5e721a395d57f93d0bed451f";"Licence Ouverte / Open Licence version 2.0";False;"b4ea7b4b-b7d1-4885-a099-71852291ff20";"https://static.data.gouv.fr/resources/donnees-relatives-aux-tests-de-depistage-de-covid-19-realises-en-laboratoire-de-ville/20200529-190031/donnees-tests-covid19-labo-quotidien-2020-05-29-19h00.csv";"donnees-tests-covid19-labo-quotidien-2020-05-29-19h00.csv";"";"file";"csv";"text/csv";1361395;"sha1";"0b4d60d22c9e06af9e86c909a39822efba095625";"2020-03-27T12:54:18.460000";"2020-05-29T19:00:31.310000";7065
"5e7de8cf4663c08d4f74ba01";"Données relatives aux tests de dépistage de COVID-19 réalisés en laboratoire de ville";"donnees-relatives-aux-tests-de-depistage-de-covid-19-realises-en-laboratoire-de-ville";"https://www.data.gouv.fr/fr/datasets/donnees-relatives-aux-tests-de-depistage-de-covid-19-realises-en-laboratoire-de-ville/";"Santé publique France";"5e721a395d57f93d0bed451f";"Licence Ouverte / Open Licence version 2.0";False;"72050bc8-9959-4bb1-88a0-684ff8db5fb5";"https://static.data.gouv.fr/resources/donnees-relatives-aux-tests-de-depistage-de-covid-19-realises-en-laboratoire-de-ville/20200527-190022/donnees-tests-covid19-labo-hebdomadaire-2020-05-27-19h00.csv";"donnees-tests-covid19-labo-hebdomadaire-2020-05-27-19h00.csv";"";"file";"csv";"text/csv";190801;"sha1";"e78338f1acdbf576b9d646968145780cf5020622";"2020-04-03T17:22:25.323000";"2020-05-27T19:00:22.228000";1512
"5e7de8cf4663c08d4f74ba01";"Données relatives aux tests de dépistage de COVID-19 réalisés en laboratoire de ville";"donnees-relatives-aux-tests-de-depistage-de-covid-19-realises-en-laboratoire-de-ville";"https://www.data.gouv.fr/fr/datasets/donnees-relatives-aux-tests-de-depistage-de-covid-19-realises-en-laboratoire-de-ville/";"Santé publique France";"5e721a395d57f93d0bed451f";"Licence Ouverte / Open Licence version 2.0";False;"971c5cbd-cd80-4492-b2b3-c3deff8c1f5e";"https://static.data.gouv.fr/resources/donnees-relatives-aux-tests-de-depistage-du-covid-19/20200403-180019/metadonnees-tests-depistage-covid19.csv";"metadonnees-tests-depistage-covid19.csv";"";"file";"csv";"text/csv";1065;"sha1";"2bfc10720b3364868df210389de0122de5907e7e";"2020-04-03T18:00:19.595000";"2020-04-03T18:00:35.136000";711
"5e7de8cf4663c08d4f74ba01";"Données relatives aux tests de dépistage de COVID-19 réalisés en laboratoire de ville";"donnees-relatives-aux-tests-de-depistage-de-covid-19-realises-en-laboratoire-de-ville";"https://www.data.gouv.fr/fr/datasets/donnees-relatives-aux-tests-de-depistage-de-covid-19-realises-en-laboratoire-de-ville/";"Santé publique France";"5e721a395d57f93d0bed451f";"Licence Ouverte / Open Licence version 2.0";False;"db378f2a-83a1-40fd-a16c-06c4c8c3535d";"https://static.data.gouv.fr/resources/donnees-relatives-aux-tests-de-depistage-du-covid-19/20200403-180049/code-tranches-dage.csv";"code-tranches-dage.csv";"";"file";"csv";"text/csv";110;"sha1";"06b8b6bd3c95ebc1a283bff184ab7c60b10e6ad7";"2020-04-03T18:00:49.433000";"2020-04-03T18:00:59.391000";191
"5ec29500b15b283d178d21a4";"Données d’enquête relatives à l’évolution des comportements et de la santé mentale pendant l’épidémie de COVID-19 (COVIPREV)";"donnees-denquete-relatives-a-levolution-des-comportements-et-de-la-sante-mentale-pendant-lepidemie-de-covid-19-coviprev";"https://www.data.gouv.fr/fr/datasets/donnees-denquete-relatives-a-levolution-des-comportements-et-de-la-sante-mentale-pendant-lepidemie-de-covid-19-coviprev/";"Santé publique France";"5e721a395d57f93d0bed451f";"Licence Ouverte / Open Licence version 2.0";False;"94525672-4ec3-4699-a56b-607dfabb1b3c";"https://static.data.gouv.fr/resources/donnees-denquete-relatives-a-levolution-des-comportements-et-de-la-sante-mentale-pendant-lepidemie-de-covid-19-coviprev/20200730-151918/coviprev-complet.xlsx";"coviprev-complet.xlsx";"Fichier complet avec plusieurs feuilles au format xlxs. ";"file";"xlsx";"application/vnd.openxmlformats-officedocument.spreadsheetml.sheet";95868;"sha1";"e88e776ed3916cef4cbf2cfc9ac9812808c0f148";"2020-06-25T13:07:56.501000";"2020-07-30T15:19:31.964000";17
"5ec29500b15b283d178d21a4";"Données d’enquête relatives à l’évolution des comportements et de la santé mentale pendant l’épidémie de COVID-19 (COVIPREV)";"donnees-denquete-relatives-a-levolution-des-comportements-et-de-la-sante-mentale-pendant-lepidemie-de-covid-19-coviprev";"https://www.data.gouv.fr/fr/datasets/donnees-denquete-relatives-a-levolution-des-comportements-et-de-la-sante-mentale-pendant-lepidemie-de-covid-19-coviprev/";"Santé publique France";"5e721a395d57f93d0bed451f";"Licence Ouverte / Open Licence version 2.0";False;"5fee469e-eed7-4858-b9d5-9d6fda6dd9b2";"https://static.data.gouv.fr/resources/donnees-denquete-relatives-a-levolution-des-comportements-et-de-la-sante-mentale-pendant-lepidemie-de-covid-19-coviprev/20200730-151956/coviprev-sexe.csv";"coviprev-sexe.csv";"Données par sexe.";"file";"csv";"text/csv";4046;"sha1";"ef654909d06d927be4dd4738ebbe0aca53f2070b";"2020-06-25T13:07:19.284000";"2020-07-30T15:20:00.025000";1
"5ec29500b15b283d178d21a4";"Données d’enquête relatives à l’évolution des comportements et de la santé mentale pendant l’épidémie de COVID-19 (COVIPREV)";"donnees-denquete-relatives-a-levolution-des-comportements-et-de-la-sante-mentale-pendant-lepidemie-de-covid-19-coviprev";"https://www.data.gouv.fr/fr/datasets/donnees-denquete-relatives-a-levolution-des-comportements-et-de-la-sante-mentale-pendant-lepidemie-de-covid-19-coviprev/";"Santé publique France";"5e721a395d57f93d0bed451f";"Licence Ouverte / Open Licence version 2.0";False;"425c285e-532e-46a5-bcaa-9ba6d191d8be";"https://static.data.gouv.fr/resources/donnees-denquete-relatives-a-levolution-des-comportements-et-de-la-sante-mentale-pendant-lepidemie-de-covid-19-coviprev/20200730-152016/coviprev-region.csv";"coviprev-region.csv";"Données par région.";"file";"csv";"text/csv";21752;"sha1";"604f978819e8b13c8ed74423da9eaf7499e03529";"2020-06-25T13:07:19.009000";"2020-07-30T15:20:18.252000";0
"5ec29500b15b283d178d21a4";"Données d’enquête relatives à l’évolution des comportements et de la santé mentale pendant l’épidémie de COVID-19 (COVIPREV)";"donnees-denquete-relatives-a-levolution-des-comportements-et-de-la-sante-mentale-pendant-lepidemie-de-covid-19-coviprev";"https://www.data.gouv.fr/fr/datasets/donnees-denquete-relatives-a-levolution-des-comportements-et-de-la-sante-mentale-pendant-lepidemie-de-covid-19-coviprev/";"Santé publique France";"5e721a395d57f93d0bed451f";"Licence Ouverte / Open Licence version 2.0";False;"1dd00dec-46e4-470c-aeaa-88370b4507f5";"https://static.data.gouv.fr/resources/donnees-denquete-relatives-a-levolution-des-comportements-et-de-la-sante-mentale-pendant-lepidemie-de-covid-19-coviprev/20200730-152033/coviprev-france.csv";"coviprev-france.csv";"Données à l'échelle nationale.";"file";"csv";"text/csv";2102;"sha1";"9d80538c736d95edc555febddba10b7035229d2c";"2020-06-25T13:07:18.978000";"2020-07-30T15:20:36.803000";6
"5ec29500b15b283d178d21a4";"Données d’enquête relatives à l’évolution des comportements et de la santé mentale pendant l’épidémie de COVID-19 (COVIPREV)";"donnees-denquete-relatives-a-levolution-des-comportements-et-de-la-sante-mentale-pendant-lepidemie-de-covid-19-coviprev";"https://www.data.gouv.fr/fr/datasets/donnees-denquete-relatives-a-levolution-des-comportements-et-de-la-sante-mentale-pendant-lepidemie-de-covid-19-coviprev/";"Santé publique France";"5e721a395d57f93d0bed451f";"Licence Ouverte / Open Licence version 2.0";False;"678d77fc-ebc0-4b03-8c24-c9c552f8a4a9";"https://static.data.gouv.fr/resources/donnees-denquete-relatives-a-levolution-des-comportements-et-de-la-sante-mentale-pendant-lepidemie-de-covid-19-coviprev/20200730-152049/coviprev-age.csv";"coviprev-age.csv";"Données par âge.";"file";"csv";"text/csv";9804;"sha1";"fc423d849de93ac9286896e819ab379d6644b889";"2020-06-25T13:07:18.975000";"2020-07-30T15:20:52.258000";2
"5ec29500b15b283d178d21a4";"Données d’enquête relatives à l’évolution des comportements et de la santé mentale pendant l’épidémie de COVID-19 (COVIPREV)";"donnees-denquete-relatives-a-levolution-des-comportements-et-de-la-sante-mentale-pendant-lepidemie-de-covid-19-coviprev";"https://www.data.gouv.fr/fr/datasets/donnees-denquete-relatives-a-levolution-des-comportements-et-de-la-sante-mentale-pendant-lepidemie-de-covid-19-coviprev/";"Santé publique France";"5e721a395d57f93d0bed451f";"Licence Ouverte / Open Licence version 2.0";False;"226c2104-61cb-4bfb-8a38-a56d5386377e";"https://static.data.gouv.fr/resources/donnees-denquete-relatives-a-levolution-des-comportements-et-de-la-sante-mentale-pendant-lepidemie-de-covid-19-coviprev/20200625-125516/metadata-coviprev.csv";"metadata-coviprev.csv";"Description des métadonnées.";"file";"csv";"text/csv";6559;"sha1";"cd47d1e3d753d8822be495b2665d47f27a37f9ed";"2020-06-25T12:55:16.398000";"2020-06-25T12:55:57.389000";3
"5ec29500b15b283d178d21a4";"Données d’enquête relatives à l’évolution des comportements et de la santé mentale pendant l’épidémie de COVID-19 (COVIPREV)";"donnees-denquete-relatives-a-levolution-des-comportements-et-de-la-sante-mentale-pendant-lepidemie-de-covid-19-coviprev";"https://www.data.gouv.fr/fr/datasets/donnees-denquete-relatives-a-levolution-des-comportements-et-de-la-sante-mentale-pendant-lepidemie-de-covid-19-coviprev/";"Santé publique France";"5e721a395d57f93d0bed451f";"Licence Ouverte / Open Licence version 2.0";False;"0f5643d8-026d-4532-83c6-96e68d429f56";"https://static.data.gouv.fr/resources/donnees-denquete-relatives-a-levolution-des-comportements-et-de-la-sante-mentale-pendant-lepidemie-de-covid-19-coviprev/20200625-125516/metadata-coviprev-libelle-region.csv";"metadata-coviprev-libelle-region.csv";"Libellé des régions.";"file";"csv";"text/csv";346;"sha1";"3f77de7b3a9bce951bff6086d539d9dde2b83388";"2020-06-25T12:55:16.390000";"2020-06-25T12:55:47.904000";1
"5f8fe1290de5138270132602";"Données de laboratoires infra-départementales durant l'épidémie COVID-19";"donnees-de-laboratoires-infra-departementales-durant-lepidemie-covid-19";"https://www.data.gouv.fr/fr/datasets/donnees-de-laboratoires-infra-departementales-durant-lepidemie-covid-19/";"Santé publique France";"5e721a395d57f93d0bed451f";"Licence Ouverte / Open Licence version 2.0";False;"f52f8c9f-d264-4c87-82e0-ae1ed6e92872";"https://static.data.gouv.fr/resources/donnees-de-laboratoires-infra-departementales-durant-lepidemie-covid-19/20201022-174329/metadonnees-sg-com-opendata.csv";"metadonnees-sg-com-opendata.csv";"";"file";"csv";"text/csv";1277;"sha1";"515dfeef03e3560ef36d7b5bcbf700303855a120";"2020-10-22T17:43:29.307000";"2020-10-22T17:43:32.868000";0
"5f8fe1290de5138270132602";"Données de laboratoires infra-départementales durant l'épidémie COVID-19";"donnees-de-laboratoires-infra-departementales-durant-lepidemie-covid-19";"https://www.data.gouv.fr/fr/datasets/donnees-de-laboratoires-infra-departementales-durant-lepidemie-covid-19/";"Santé publique France";"5e721a395d57f93d0bed451f";"Licence Ouverte / Open Licence version 2.0";False;"44d4c265-24c3-4720-9144-f3e4a5213422";"https://static.data.gouv.fr/resources/donnees-de-laboratoires-infra-departementales-durant-lepidemie-covid-19/20201023-172437/sg-iris-opendata.csv";"sg-iris-opendata.csv";"";"file";"csv";"text/csv";61981378;"sha1";"0348a6fe0e0c93b281aa24397f4e29a4f5491e16";"2020-10-22T17:30:40.940000";"2020-10-23T17:24:41.394000";7
"5f8fe1290de5138270132602";"Données de laboratoires infra-départementales durant l'épidémie COVID-19";"donnees-de-laboratoires-infra-departementales-durant-lepidemie-covid-19";"https://www.data.gouv.fr/fr/datasets/donnees-de-laboratoires-infra-departementales-durant-lepidemie-covid-19/";"Santé publique France";"5e721a395d57f93d0bed451f";"Licence Ouverte / Open Licence version 2.0";False;"34dcc90c-aec9-48ee-9fd3-a972b44202c0";"https://static.data.gouv.fr/resources/donnees-de-laboratoires-infra-departementales-durant-lepidemie-covid-19/20201022-172745/sg-epci-opendata.csv";"sg-epci-opendata.csv";"";"file";"csv";"text/csv";3672672;"sha1";"04682614f43895194ff43b1ea84cc0bfcd91edb9";"2020-10-22T17:27:45.499000";"2020-10-22T17:27:45.343000";0
"5f8fe1290de5138270132602";"Données de laboratoires infra-départementales durant l'épidémie COVID-19";"donnees-de-laboratoires-infra-departementales-durant-lepidemie-covid-19";"https://www.data.gouv.fr/fr/datasets/donnees-de-laboratoires-infra-departementales-durant-lepidemie-covid-19/";"Santé publique France";"5e721a395d57f93d0bed451f";"Licence Ouverte / Open Licence version 2.0";False;"c2e2e844-9671-4f81-8c81-1b79f7687de3";"https://static.data.gouv.fr/resources/donnees-de-laboratoires-infra-departementales-durant-lepidemie-covid-19/20201022-172732/sg-com-opendata.csv";"sg-com-opendata.csv";"";"file";"csv";"text/csv";91951377;"sha1";"d74059852d8c916748632c1e5ceacf3c91b911d8";"2020-10-22T17:27:39.050000";"2020-10-22T17:27:38.799000";13
"5f8fe1290de5138270132602";"Données de laboratoires infra-départementales durant l'épidémie COVID-19";"donnees-de-laboratoires-infra-departementales-durant-lepidemie-covid-19";"https://www.data.gouv.fr/fr/datasets/donnees-de-laboratoires-infra-departementales-durant-lepidemie-covid-19/";"Santé publique France";"5e721a395d57f93d0bed451f";"Licence Ouverte / Open Licence version 2.0";False;"552c4ab4-8794-42e6-a224-df9f6d661c22";"https://static.data.gouv.fr/resources/indicateurs-infra-departementaux-de-depistage-covid-19/20201021-095638/sidep-note-methodo-270820.pdf";"sidep-note-methodo-270820.pdf";"";"file";"pdf";"application/pdf";418200;"sha1";"525806ddf75a26bd9255d306e20ff5fe206212a6";"2020-10-21T09:56:38.517000";"2020-10-21T09:56:41.604000";0
"5f8fe1290de5138270132602";"Données de laboratoires infra-départementales durant l'épidémie COVID-19";"donnees-de-laboratoires-infra-departementales-durant-lepidemie-covid-19";"https://www.data.gouv.fr/fr/datasets/donnees-de-laboratoires-infra-departementales-durant-lepidemie-covid-19/";"Santé publique France";"5e721a395d57f93d0bed451f";"Licence Ouverte / Open Licence version 2.0";False;"5a1bb3a1-e1fa-4ec7-9af2-8441af04d118";"https://static.data.gouv.fr/resources/indicateurs-infra-departementaux-de-depistage-covid-19/20201021-095645/faq-geodes-sidep-250920.pdf";"faq-geodes-sidep-250920.pdf";"";"file";"pdf";"application/pdf";321851;"sha1";"d87300836b4b88c5a48171625232fcc575c16653";"2020-10-21T09:56:46.133000";"2020-10-21T09:56:50.592000";0
"5f8fe1290de5138270132602";"Données de laboratoires infra-départementales durant l'épidémie COVID-19";"donnees-de-laboratoires-infra-departementales-durant-lepidemie-covid-19";"https://www.data.gouv.fr/fr/datasets/donnees-de-laboratoires-infra-departementales-durant-lepidemie-covid-19/";"Santé publique France";"5e721a395d57f93d0bed451f";"Licence Ouverte / Open Licence version 2.0";False;"c79f4f16-f3da-421d-b521-57909aa19285";"https://static.data.gouv.fr/resources/indicateurs-infra-departementaux-de-depistage-covid-19/20201021-120859/metadonnees-sg-iris-opendata.csv";"metadonnees-sg-iris-opendata.csv";"";"file";"csv";"text/csv";1286;"sha1";"79efdd168cfc2aaa0c7628d5ef1e0f2b3692ec47";"2020-10-21T12:08:59.507000";"2020-10-21T12:09:02.773000";0
"5f8fe1290de5138270132602";"Données de laboratoires infra-départementales durant l'épidémie COVID-19";"donnees-de-laboratoires-infra-departementales-durant-lepidemie-covid-19";"https://www.data.gouv.fr/fr/datasets/donnees-de-laboratoires-infra-departementales-durant-lepidemie-covid-19/";"Santé publique France";"5e721a395d57f93d0bed451f";"Licence Ouverte / Open Licence version 2.0";False;"18b2a0c3-2705-4e91-8541-e0b74140f0df";"https://static.data.gouv.fr/resources/indicateurs-infra-departementaux-de-depistage-covid-19/20201021-092031/metadonnees-sg-epci-opendata.csv";"metadonnees-sg-epci-opendata.csv";"";"file";"csv";"text/csv";1290;"sha1";"e4999bb5e71dd47aecf29f60f6655f79208a5980";"2020-10-21T09:20:31.759000";"2020-10-21T09:20:35.528000";0
"5f733777722fc12a413290eb";"Indicateurs de l’activité épidémique: taux d'incidence de l'épidémie de COVID-19 par métropole";"indicateurs-de-lactivite-epidemique-taux-dincidence-de-lepidemie-de-covid-19-par-metropole";"https://www.data.gouv.fr/fr/datasets/indicateurs-de-lactivite-epidemique-taux-dincidence-de-lepidemie-de-covid-19-par-metropole/";"Santé publique France";"5e721a395d57f93d0bed451f";"Licence Ouverte / Open Licence version 2.0";False;"b1ee64ab-91e6-425f-bbd3-29bcb73c4cbd";"https://static.data.gouv.fr/resources/indicateurs-de-lactivite-epidemique-taux-dincidence-de-lepidemie-de-covid-19-par-metropole/20201023-192002/sg-metro-opendata-2020-10-23-19h20.csv";"sg-metro-opendata-2020-10-23-19h20.csv";"";"file";"csv";"text/csv";41560;"sha1";"8d6e95e6b8bafa4c9eb3940646de1157bc68bbf5";"2020-10-23T19:20:02.401000";"2020-10-23T19:20:02.521000";0
"5f733777722fc12a413290eb";"Indicateurs de l’activité épidémique: taux d'incidence de l'épidémie de COVID-19 par métropole";"indicateurs-de-lactivite-epidemique-taux-dincidence-de-lepidemie-de-covid-19-par-metropole";"https://www.data.gouv.fr/fr/datasets/indicateurs-de-lactivite-epidemique-taux-dincidence-de-lepidemie-de-covid-19-par-metropole/";"Santé publique France";"5e721a395d57f93d0bed451f";"Licence Ouverte / Open Licence version 2.0";False;"5bb721ef-d6ee-4aa3-8b49-746afb305e7a";"https://static.data.gouv.fr/resources/indicateurs-de-lactivite-epidemique-taux-dincidence-de-lepidemie-de-covid-19-par-metropole/20201021-094612/faq-geodes-sidep-250920.pdf";"faq-geodes-sidep-250920.pdf";"";"file";"pdf";"application/pdf";321851;"sha1";"d87300836b4b88c5a48171625232fcc575c16653";"2020-10-21T09:46:12.570000";"2020-10-21T09:46:18.039000";62
"5f733777722fc12a413290eb";"Indicateurs de l’activité épidémique: taux d'incidence de l'épidémie de COVID-19 par métropole";"indicateurs-de-lactivite-epidemique-taux-dincidence-de-lepidemie-de-covid-19-par-metropole";"https://www.data.gouv.fr/fr/datasets/indicateurs-de-lactivite-epidemique-taux-dincidence-de-lepidemie-de-covid-19-par-metropole/";"Santé publique France";"5e721a395d57f93d0bed451f";"Licence Ouverte / Open Licence version 2.0";False;"404c1b02-6c40-4467-9705-cfdb4758a965";"https://static.data.gouv.fr/resources/indicateurs-de-lactivite-epidemique-taux-dincidence-de-lepidemie-de-covid-19-par-metropole/20201021-094602/sidep-note-methodo-270820.pdf";"sidep-note-methodo-270820.pdf";"";"file";"pdf";"application/pdf";418200;"sha1";"525806ddf75a26bd9255d306e20ff5fe206212a6";"2020-10-21T09:46:02.258000";"2020-10-21T09:46:07.198000";15
"5f733777722fc12a413290eb";"Indicateurs de l’activité épidémique: taux d'incidence de l'épidémie de COVID-19 par métropole";"indicateurs-de-lactivite-epidemique-taux-dincidence-de-lepidemie-de-covid-19-par-metropole";"https://www.data.gouv.fr/fr/datasets/indicateurs-de-lactivite-epidemique-taux-dincidence-de-lepidemie-de-covid-19-par-metropole/";"Santé publique France";"5e721a395d57f93d0bed451f";"Licence Ouverte / Open Licence version 2.0";False;"9dd5cccd-6e48-45c1-b8d1-6fec8924b621";"https://static.data.gouv.fr/resources/indicateurs-de-lactivite-epidemique-taux-dincidence-de-lepidemie-de-covid-19-par-metropole/20201020-192002/sg-metro-opendata-2020-10-20-19h20.csv";"sg-metro-opendata-2020-10-20-19h20.csv";"";"file";"csv";"text/csv";39663;"sha1";"3eec26c265c71bef97af0b044c1fe9cad758f761";"2020-10-20T19:20:02.387000";"2020-10-20T19:20:02.514000";18
"5f733777722fc12a413290eb";"Indicateurs de l’activité épidémique: taux d'incidence de l'épidémie de COVID-19 par métropole";"indicateurs-de-lactivite-epidemique-taux-dincidence-de-lepidemie-de-covid-19-par-metropole";"https://www.data.gouv.fr/fr/datasets/indicateurs-de-lactivite-epidemique-taux-dincidence-de-lepidemie-de-covid-19-par-metropole/";"Santé publique France";"5e721a395d57f93d0bed451f";"Licence Ouverte / Open Licence version 2.0";False;"493ae99a-5f67-408f-9d62-7d1fbe4ce81d";"https://static.data.gouv.fr/resources/indicateurs-de-lactivite-epidemique-taux-dincidence-de-lepidemie-de-covid-19-par-metropole/20201018-192002/sg-metro-opendata-2020-10-18-19h20.csv";"sg-metro-opendata-2020-10-18-19h20.csv";"";"file";"csv";"text/csv";40427;"sha1";"595a6745f4f16625bf0b30babbec8466da1d0682";"2020-10-18T19:20:02.384000";"2020-10-18T19:20:02.592000";10
"5f733777722fc12a413290eb";"Indicateurs de l’activité épidémique: taux d'incidence de l'épidémie de COVID-19 par métropole";"indicateurs-de-lactivite-epidemique-taux-dincidence-de-lepidemie-de-covid-19-par-metropole";"https://www.data.gouv.fr/fr/datasets/indicateurs-de-lactivite-epidemique-taux-dincidence-de-lepidemie-de-covid-19-par-metropole/";"Santé publique France";"5e721a395d57f93d0bed451f";"Licence Ouverte / Open Licence version 2.0";False;"4ef34927-dc33-4507-b97a-ab2c52a0c490";"https://static.data.gouv.fr/resources/indicateurs-de-lactivite-epidemique-taux-dincidence-de-lepidemie-de-covid-19-par-metropole/20201017-192002/sg-metro-opendata-2020-10-17-19h20.csv";"sg-metro-opendata-2020-10-17-19h20.csv";"";"file";"csv";"text/csv";40415;"sha1";"3881a7009053e55e7a435ec166e5c5307b55757a";"2020-10-17T19:20:02.393000";"2020-10-17T19:20:02.559000";1
"5f733777722fc12a413290eb";"Indicateurs de l’activité épidémique: taux d'incidence de l'épidémie de COVID-19 par métropole";"indicateurs-de-lactivite-epidemique-taux-dincidence-de-lepidemie-de-covid-19-par-metropole";"https://www.data.gouv.fr/fr/datasets/indicateurs-de-lactivite-epidemique-taux-dincidence-de-lepidemie-de-covid-19-par-metropole/";"Santé publique France";"5e721a395d57f93d0bed451f";"Licence Ouverte / Open Licence version 2.0";False;"6fda6e87-3583-4417-ac97-1b5020f57cfd";"https://static.data.gouv.fr/resources/indicateurs-de-lactivite-epidemique-taux-dincidence-de-lepidemie-de-covid-19-par-metropole/20201017-131759/sg-metro-opendata-2020-10-17-13h17.csv";"sg-metro-opendata-2020-10-17-13h17.csv";"";"file";"csv";"text/csv";40391;"sha1";"6393ce3c248c65b726cdeb81d5a08cbd0fc79b21";"2020-10-17T13:17:59.191000";"2020-10-17T13:22:52.661000";0
"5f733777722fc12a413290eb";"Indicateurs de l’activité épidémique: taux d'incidence de l'épidémie de COVID-19 par métropole";"indicateurs-de-lactivite-epidemique-taux-dincidence-de-lepidemie-de-covid-19-par-metropole";"https://www.data.gouv.fr/fr/datasets/indicateurs-de-lactivite-epidemique-taux-dincidence-de-lepidemie-de-covid-19-par-metropole/";"Santé publique France";"5e721a395d57f93d0bed451f";"Licence Ouverte / Open Licence version 2.0";False;"61533034-0f2f-4b16-9a6d-28ffabb33a02";"https://static.data.gouv.fr/resources/indicateurs-de-lactivite-epidemique-taux-dincidence-de-lepidemie-de-covid-19-par-metropole/20201023-192001/sg-metro-opendata-2020-10-23-19h20.csv";"sg-metro-opendata-2020-10-23-19h20.csv";"";"file";"csv";"text/csv";41560;"sha1";"8d6e95e6b8bafa4c9eb3940646de1157bc68bbf5";"2020-10-14T18:57:02.068000";"2020-10-23T19:20:01.676000";425
"5f733777722fc12a413290eb";"Indicateurs de l’activité épidémique: taux d'incidence de l'épidémie de COVID-19 par métropole";"indicateurs-de-lactivite-epidemique-taux-dincidence-de-lepidemie-de-covid-19-par-metropole";"https://www.data.gouv.fr/fr/datasets/indicateurs-de-lactivite-epidemique-taux-dincidence-de-lepidemie-de-covid-19-par-metropole/";"Santé publique France";"5e721a395d57f93d0bed451f";"Licence Ouverte / Open Licence version 2.0";False;"0fa52fca-4eb3-4786-92f1-6db24273068f";"https://static.data.gouv.fr/resources/indicateurs-de-lactivite-epidemique-taux-dincidence-de-lepidemie-de-covid-19-par-metropole/20201014-191744/metropole-epci.csv";"metropole-epci.csv";"Correspondences entre le code EPCI et le nom des métropoles";"file";"csv";"text/csv";413;"sha1";"26c02efa8f047df48f5077ddc290c3e1c67e9e35";"2020-10-14T18:26:09.377000";"2020-10-14T19:17:46.993000";139
"5f733777722fc12a413290eb";"Indicateurs de l’activité épidémique: taux d'incidence de l'épidémie de COVID-19 par métropole";"indicateurs-de-lactivite-epidemique-taux-dincidence-de-lepidemie-de-covid-19-par-metropole";"https://www.data.gouv.fr/fr/datasets/indicateurs-de-lactivite-epidemique-taux-dincidence-de-lepidemie-de-covid-19-par-metropole/";"Santé publique France";"5e721a395d57f93d0bed451f";"Licence Ouverte / Open Licence version 2.0";False;"b91c17e9-da70-4f22-9fde-84d5953c1cbb";"https://static.data.gouv.fr/resources/indicateurs-de-lactivite-epidemique-taux-dincidence-de-lepidemie-de-covid-19-par-metropole/20201014-190008/metadonnees-sg-metro-opendata.csv";"metadonnees-sg-metro-opendata.csv";"";"file";"csv";"text/csv";575;"sha1";"607ca173fedf7d33987641f4cff18aa6f5cfd2d1";"2020-10-14T16:08:44.902000";"2020-10-14T19:00:10.736000";24
"5ed117db6c161bd5baf070be";"Données relatives aux résultats des tests virologiques COVID-19";"donnees-relatives-aux-resultats-des-tests-virologiques-covid-19";"https://www.data.gouv.fr/fr/datasets/donnees-relatives-aux-resultats-des-tests-virologiques-covid-19/";"Santé publique France";"5e721a395d57f93d0bed451f";"Licence Ouverte / Open Licence version 2.0";False;"9417846f-0119-46f5-b49a-f97d9a869261";"https://static.data.gouv.fr/resources/donnees-relatives-aux-resultats-des-tests-virologiques-covid-19/20201021-095044/sidep-note-methodo-270820.pdf";"sidep-note-methodo-270820.pdf";"";"file";"pdf";"application/pdf";418200;"sha1";"525806ddf75a26bd9255d306e20ff5fe206212a6";"2020-10-21T09:50:45.112000";"2020-10-21T09:50:49.241000";8
"5ed117db6c161bd5baf070be";"Données relatives aux résultats des tests virologiques COVID-19";"donnees-relatives-aux-resultats-des-tests-virologiques-covid-19";"https://www.data.gouv.fr/fr/datasets/donnees-relatives-aux-resultats-des-tests-virologiques-covid-19/";"Santé publique France";"5e721a395d57f93d0bed451f";"Licence Ouverte / Open Licence version 2.0";False;"ea4b1a83-30cd-426a-b2ca-d74e5aede5ce";"https://static.data.gouv.fr/resources/donnees-relatives-aux-resultats-des-tests-virologiques-covid-19/20201021-095031/faq-geodes-sidep-250920.pdf";"faq-geodes-sidep-250920.pdf";"";"file";"pdf";"application/pdf";321851;"sha1";"d87300836b4b88c5a48171625232fcc575c16653";"2020-10-21T09:50:31.891000";"2020-10-21T09:50:40.068000";2
"5ed117db6c161bd5baf070be";"Données relatives aux résultats des tests virologiques COVID-19";"donnees-relatives-aux-resultats-des-tests-virologiques-covid-19";"https://www.data.gouv.fr/fr/datasets/donnees-relatives-aux-resultats-des-tests-virologiques-covid-19/";"Santé publique France";"5e721a395d57f93d0bed451f";"Licence Ouverte / Open Licence version 2.0";False;"406c6a23-e283-4300-9484-54e78c8ae675";"https://static.data.gouv.fr/resources/donnees-relatives-aux-resultats-des-tests-virologiques-covid-19/20201023-191507/sp-pos-quot-dep-2020-10-23-19h15.csv";"sp-pos-quot-dep-2020-10-23-19h15.csv";"Taux de positivité - quotidien - département .";"file";"csv";"text/csv";4091501;"sha1";"f9a1ed148dc67fe52d728ec3be1b8d7265f74311";"2020-05-29T18:02:26.703000";"2020-10-23T19:15:08.051000";11379
"5ed117db6c161bd5baf070be";"Données relatives aux résultats des tests virologiques COVID-19";"donnees-relatives-aux-resultats-des-tests-virologiques-covid-19";"https://www.data.gouv.fr/fr/datasets/donnees-relatives-aux-resultats-des-tests-virologiques-covid-19/";"Santé publique France";"5e721a395d57f93d0bed451f";"Licence Ouverte / Open Licence version 2.0";False;"001aca18-df6a-45c8-89e6-f82d689e6c01";"https://static.data.gouv.fr/resources/donnees-relatives-aux-resultats-des-tests-virologiques-covid-19/20201023-191515/sp-pos-quot-reg-2020-10-23-19h15.csv";"sp-pos-quot-reg-2020-10-23-19h15.csv";"Taux de positivité - quotidien - région.";"file";"csv";"text/csv";1256751;"sha1";"65b3a4f0fd7837bfdcb661508c4305492072527e";"2020-05-29T18:03:11.045000";"2020-10-23T19:15:16.159000";1178
"5ed117db6c161bd5baf070be";"Données relatives aux résultats des tests virologiques COVID-19";"donnees-relatives-aux-resultats-des-tests-virologiques-covid-19";"https://www.data.gouv.fr/fr/datasets/donnees-relatives-aux-resultats-des-tests-virologiques-covid-19/";"Santé publique France";"5e721a395d57f93d0bed451f";"Licence Ouverte / Open Licence version 2.0";False;"dd0de5d9-b5a5-4503-930a-7b08dc0adc7c";"https://static.data.gouv.fr/resources/donnees-relatives-aux-resultats-des-tests-virologiques-covid-19/20201023-191516/sp-pos-quot-fra-2020-10-23-19h15.csv";"sp-pos-quot-fra-2020-10-23-19h15.csv";"Taux de positivité - quotidien - france.";"file";"csv";"text/csv";75788;"sha1";"6e5b7c7e43f0abf4a1bd8d7a15d13494d8f0ab33";"2020-05-29T18:02:57.551000";"2020-10-23T19:15:17.071000";3785
"5ed117db6c161bd5baf070be";"Données relatives aux résultats des tests virologiques COVID-19";"donnees-relatives-aux-resultats-des-tests-virologiques-covid-19";"https://www.data.gouv.fr/fr/datasets/donnees-relatives-aux-resultats-des-tests-virologiques-covid-19/";"Santé publique France";"5e721a395d57f93d0bed451f";"Licence Ouverte / Open Licence version 2.0";False;"dd3ac13c-e87f-4b33-8897-07baff4e1783";"https://static.data.gouv.fr/resources/donnees-relatives-aux-resultats-des-tests-virologiques-covid-19/20201023-191513/sp-pos-heb-dep-2020-10-23-19h15.csv";"sp-pos-heb-dep-2020-10-23-19h15.csv";"Taux de positivité - hebdomadaire - departement.";"file";"csv";"text/csv";540377;"sha1";"2d5be833d670ba11f4129b03055bb89facecccb3";"2020-05-29T18:01:11.291000";"2020-10-23T19:15:13.907000";475
"5ed117db6c161bd5baf070be";"Données relatives aux résultats des tests virologiques COVID-19";"donnees-relatives-aux-resultats-des-tests-virologiques-covid-19";"https://www.data.gouv.fr/fr/datasets/donnees-relatives-aux-resultats-des-tests-virologiques-covid-19/";"Santé publique France";"5e721a395d57f93d0bed451f";"Licence Ouverte / Open Licence version 2.0";False;"1ff7af5f-88d6-44bd-b8b6-16308b046afc";"https://static.data.gouv.fr/resources/donnees-relatives-aux-resultats-des-tests-virologiques-covid-19/20201023-191506/sp-pos-heb-reg-2020-10-23-19h15.csv";"sp-pos-heb-reg-2020-10-23-19h15.csv";"Taux de positivité - hebdomadaire - région .";"file";"csv";"text/csv";181528;"sha1";"8514f36ca771ec80bf3f30e53f0b3a0202105dcf";"2020-05-29T18:02:10.342000";"2020-10-23T19:15:06.835000";89
"5ed117db6c161bd5baf070be";"Données relatives aux résultats des tests virologiques COVID-19";"donnees-relatives-aux-resultats-des-tests-virologiques-covid-19";"https://www.data.gouv.fr/fr/datasets/donnees-relatives-aux-resultats-des-tests-virologiques-covid-19/";"Santé publique France";"5e721a395d57f93d0bed451f";"Licence Ouverte / Open Licence version 2.0";False;"2f0f720d-fbd2-41a7-95b4-3a70ff5a9253";"https://static.data.gouv.fr/resources/donnees-relatives-aux-resultats-des-tests-virologiques-covid-19/20201023-191503/sp-pos-heb-fra-2020-10-23-19h15.csv";"sp-pos-heb-fra-2020-10-23-19h15.csv";"Taux de positivité - hebdomadaire - France.";"file";"csv";"text/csv";11264;"sha1";"0776e9eb40599d736dc7fadc0abc6e476be78fad";"2020-05-29T18:01:35.129000";"2020-10-23T19:15:04.019000";415
"5ed117db6c161bd5baf070be";"Données relatives aux résultats des tests virologiques COVID-19";"donnees-relatives-aux-resultats-des-tests-virologiques-covid-19";"https://www.data.gouv.fr/fr/datasets/donnees-relatives-aux-resultats-des-tests-virologiques-covid-19/";"Santé publique France";"5e721a395d57f93d0bed451f";"Licence Ouverte / Open Licence version 2.0";False;"d1c1846c-f2d1-43cb-ad84-b46c40d1bec8";"https://static.data.gouv.fr/resources/donnees-relatives-aux-resultats-des-tests-virologiques-covid-19/20200703-191519/sp-ti-tp-7j-dep-2020-07-03-19h15.csv";"sp-ti-tp-7j-dep-2020-07-03-19h15.csv";"";"file";"csv";"text/csv";215055;"sha1";"41c46a8b6c450ddffea0845c85815dc42502192b";"2020-05-29T18:20:52.321000";"2020-07-03T19:15:20.039000";0
"5ed117db6c161bd5baf070be";"Données relatives aux résultats des tests virologiques COVID-19";"donnees-relatives-aux-resultats-des-tests-virologiques-covid-19";"https://www.data.gouv.fr/fr/datasets/donnees-relatives-aux-resultats-des-tests-virologiques-covid-19/";"Santé publique France";"5e721a395d57f93d0bed451f";"Licence Ouverte / Open Licence version 2.0";False;"df2f66d3-ef9b-48e0-abdf-f33a6a7ff2fa";"https://static.data.gouv.fr/resources/donnees-relatives-aux-resultats-des-tests-virologiques-covid-19/20200703-191520/sp-ti-tp-7j-reg-2020-07-03-19h15.csv";"sp-ti-tp-7j-reg-2020-07-03-19h15.csv";"";"file";"csv";"text/csv";52837;"sha1";"215ad0960bbad3719ea13622cbca9b4f15d01332";"2020-05-29T18:20:52.324000";"2020-07-03T19:15:20.439000";0
"5ed117db6c161bd5baf070be";"Données relatives aux résultats des tests virologiques COVID-19";"donnees-relatives-aux-resultats-des-tests-virologiques-covid-19";"https://www.data.gouv.fr/fr/datasets/donnees-relatives-aux-resultats-des-tests-virologiques-covid-19/";"Santé publique France";"5e721a395d57f93d0bed451f";"Licence Ouverte / Open Licence version 2.0";False;"c1167c4e-8c89-40f2-adb3-1954f8fedfa7";"https://static.data.gouv.fr/resources/donnees-relatives-aux-resultats-des-tests-virologiques-covid-19/20200703-191519/sp-ti-tp-7j-fra-2020-07-03-19h15.csv";"sp-ti-tp-7j-fra-2020-07-03-19h15.csv";"";"file";"csv";"text/csv";2880;"sha1";"3272b07774ea14ed57c63bb7b9fd26065cf3125d";"2020-05-29T18:20:52.318000";"2020-07-03T19:15:19.607000";0
"5ed117db6c161bd5baf070be";"Données relatives aux résultats des tests virologiques COVID-19";"donnees-relatives-aux-resultats-des-tests-virologiques-covid-19";"https://www.data.gouv.fr/fr/datasets/donnees-relatives-aux-resultats-des-tests-virologiques-covid-19/";"Santé publique France";"5e721a395d57f93d0bed451f";"Licence Ouverte / Open Licence version 2.0";False;"c20aa429-d30b-41d1-8bea-37b106c5f33b";"https://static.data.gouv.fr/resources/donnees-relatives-aux-resultats-des-tests-virologiques-covid-19/20200703-191527/sp-pos-quot-2020-07-03-19h15.xlsx";"sp-pos-quot-2020-07-03-19h15.xlsx";"Taux de positivité - Quotidien.";"file";"xlsx";"application/vnd.openxmlformats-officedocument.spreadsheetml.sheet";1337737;"sha1";"ce0d062e5faa1dcd83616f7bc9f74367b43fb6ff";"2020-05-29T17:19:23.764000";"2020-07-03T19:15:27.711000";0
"5ed117db6c161bd5baf070be";"Données relatives aux résultats des tests virologiques COVID-19";"donnees-relatives-aux-resultats-des-tests-virologiques-covid-19";"https://www.data.gouv.fr/fr/datasets/donnees-relatives-aux-resultats-des-tests-virologiques-covid-19/";"Santé publique France";"5e721a395d57f93d0bed451f";"Licence Ouverte / Open Licence version 2.0";False;"fc7f9844-05bd-41eb-9d9a-2a4b8010af1d";"https://static.data.gouv.fr/resources/donnees-relatives-aux-resultats-des-tests-virologiques-covid-19/20200701-191523/sp-pos-heb-2020-07-01-19h15.xlsx";"sp-pos-heb-2020-07-01-19h15.xlsx";"Taux de positivité - hebdomadaire.";"file";"xlsx";"application/vnd.openxmlformats-officedocument.spreadsheetml.sheet";207005;"sha1";"62fb3c2bf176eed6254a72d4067d250bb5414490";"2020-05-29T17:17:47.913000";"2020-07-01T19:15:23.424000";0
"5ed117db6c161bd5baf070be";"Données relatives aux résultats des tests virologiques COVID-19";"donnees-relatives-aux-resultats-des-tests-virologiques-covid-19";"https://www.data.gouv.fr/fr/datasets/donnees-relatives-aux-resultats-des-tests-virologiques-covid-19/";"Santé publique France";"5e721a395d57f93d0bed451f";"Licence Ouverte / Open Licence version 2.0";False;"708eb9ee-d8e8-4008-ac2d-0827acd95ba7";"https://static.data.gouv.fr/resources/donnees-relatives-aux-resultats-des-tests-virologiques-covid-19/20200703-191520/sp-ti-tp-7j-2020-07-03-19h15.xlsx";"sp-ti-tp-7j-2020-07-03-19h15.xlsx";"";"file";"xlsx";"application/vnd.openxmlformats-officedocument.spreadsheetml.sheet";182582;"sha1";"f526f981c17773cfc4207320275c2822ce425613";"2020-05-29T18:49:52.653000";"2020-07-03T19:15:20.863000";0
"5ed117db6c161bd5baf070be";"Données relatives aux résultats des tests virologiques COVID-19";"donnees-relatives-aux-resultats-des-tests-virologiques-covid-19";"https://www.data.gouv.fr/fr/datasets/donnees-relatives-aux-resultats-des-tests-virologiques-covid-19/";"Santé publique France";"5e721a395d57f93d0bed451f";"Licence Ouverte / Open Licence version 2.0";False;"39aaad1c-9aac-4be8-96b2-6d001f892b34";"https://static.data.gouv.fr/resources/taux-de-positivite-aux-tests-virologiques-covid-19/20200529-170035/metadonnees-positivite.xlsx";"metadonnees-positivite.xlsx";"Description des métadonnées.";"file";"xlsx";"application/vnd.openxmlformats-officedocument.spreadsheetml.sheet";10422;"sha1";"89c55f3a82bb8dcb5f1d1b1f4cb431b798a653ec";"2020-05-29T17:00:35.757000";"2020-05-29T17:00:54.313000";379
"5e74ecf52eb7514f2d3b8845";"Données des urgences hospitalières et de SOS médecins relatives à l'épidémie de COVID-19 ";"donnees-des-urgences-hospitalieres-et-de-sos-medecins-relatives-a-lepidemie-de-covid-19";"https://www.data.gouv.fr/fr/datasets/donnees-des-urgences-hospitalieres-et-de-sos-medecins-relatives-a-lepidemie-de-covid-19/";"Santé publique France";"5e721a395d57f93d0bed451f";"Licence Ouverte / Open Licence version 2.0";False;"eceb9fb4-3ebc-4da3-828d-f5939712600a";"https://static.data.gouv.fr/resources/donnees-des-urgences-hospitalieres-et-de-sos-medecins-relatives-a-lepidemie-de-covid-19/20201023-191519/sursaud-corona-quot-dep-2020-10-23-19h15.csv";"sursaud-corona-quot-dep-2020-10-23-19h15.csv";"";"file";"csv";"text/csv";5850459;"sha1";"8fa4d878d5f16766237fddb95beb5de2b835c7c0";"2020-03-20T18:56:25.178000";"2020-10-23T19:15:19.867000";17090
"5e74ecf52eb7514f2d3b8845";"Données des urgences hospitalières et de SOS médecins relatives à l'épidémie de COVID-19 ";"donnees-des-urgences-hospitalieres-et-de-sos-medecins-relatives-a-lepidemie-de-covid-19";"https://www.data.gouv.fr/fr/datasets/donnees-des-urgences-hospitalieres-et-de-sos-medecins-relatives-a-lepidemie-de-covid-19/";"Santé publique France";"5e721a395d57f93d0bed451f";"Licence Ouverte / Open Licence version 2.0";False;"d2af5160-a21d-47b7-8f30-3c20dade63b1";"https://static.data.gouv.fr/resources/donnees-des-urgences-hospitalieres-et-de-sos-medecins-relatives-a-lepidemie-de-covid-19/20201023-191518/sursaud-corona-quot-reg-2020-10-23-19h15.csv";"sursaud-corona-quot-reg-2020-10-23-19h15.csv";"";"file";"csv";"text/csv";1232888;"sha1";"8be52848e0815236cf7e07e51530739afb53bffd";"2020-03-20T18:56:25.009000";"2020-10-23T19:15:18.303000";3023
"5e74ecf52eb7514f2d3b8845";"Données des urgences hospitalières et de SOS médecins relatives à l'épidémie de COVID-19 ";"donnees-des-urgences-hospitalieres-et-de-sos-medecins-relatives-a-lepidemie-de-covid-19";"https://www.data.gouv.fr/fr/datasets/donnees-des-urgences-hospitalieres-et-de-sos-medecins-relatives-a-lepidemie-de-covid-19/";"Santé publique France";"5e721a395d57f93d0bed451f";"Licence Ouverte / Open Licence version 2.0";False;"219427ba-7e90-4eb1-9ac7-4de2e7e2112c";"https://static.data.gouv.fr/resources/donnees-des-urgences-hospitalieres-et-de-sos-medecins-relatives-a-lepidemie-de-covid-19/20200703-190036/sursaud-covid19-quotidien-2020-07-03-19h00-france.csv";"sursaud-covid19-quotidien-2020-07-03-19h00-france.csv";"";"file";"csv";"text/csv";55738;"sha1";"78e14522b9e618d56dea7036fa722e8ccc86a835";"2020-03-27T16:17:55.495000";"2020-07-03T19:00:36.723000";2761
"5e74ecf52eb7514f2d3b8845";"Données des urgences hospitalières et de SOS médecins relatives à l'épidémie de COVID-19 ";"donnees-des-urgences-hospitalieres-et-de-sos-medecins-relatives-a-lepidemie-de-covid-19";"https://www.data.gouv.fr/fr/datasets/donnees-des-urgences-hospitalieres-et-de-sos-medecins-relatives-a-lepidemie-de-covid-19/";"Santé publique France";"5e721a395d57f93d0bed451f";"Licence Ouverte / Open Licence version 2.0";False;"941ff2b4-ea24-4cdf-b0a7-655f2a332fb2";"https://static.data.gouv.fr/resources/donnees-des-urgences-hospitalieres-et-de-sos-medecins-relatives-a-lepidemie-de-covid-19/20200703-190034/sursaud-covid19-quotidien-2020-07-03-19h00.xlsx";"sursaud-covid19-quotidien-2020-07-03-19h00.xlsx";"";"file";"xlsx";"application/vnd.openxmlformats-officedocument.spreadsheetml.sheet";5850795;"sha1";"225270f16a89673186807408a03b8d7b934d87c4";"2020-03-20T19:14:55.007000";"2020-07-03T19:00:34.879000";4571
"5e74ecf52eb7514f2d3b8845";"Données des urgences hospitalières et de SOS médecins relatives à l'épidémie de COVID-19 ";"donnees-des-urgences-hospitalieres-et-de-sos-medecins-relatives-a-lepidemie-de-covid-19";"https://www.data.gouv.fr/fr/datasets/donnees-des-urgences-hospitalieres-et-de-sos-medecins-relatives-a-lepidemie-de-covid-19/";"Santé publique France";"5e721a395d57f93d0bed451f";"Licence Ouverte / Open Licence version 2.0";False;"c67aebf7-9883-49ef-a654-c4af5fdf5206";"https://static.data.gouv.fr/resources/donnees-des-urgences-hospitalieres-et-de-sos-medecins-relatives-a-lepidemie-de-covid-19/20200715-191515/sursaud-corona-hebdo-2020-07-15-19h15.csv";"sursaud-corona-hebdo-2020-07-15-19h15.csv";"";"file";"csv";"text/csv";327878;"sha1";"92f1689346a158c798d9db99e45d869be0d5bc40";"2020-03-20T19:15:53.340000";"2020-07-15T19:15:15.447000";898
"5e74ecf52eb7514f2d3b8845";"Données des urgences hospitalières et de SOS médecins relatives à l'épidémie de COVID-19 ";"donnees-des-urgences-hospitalieres-et-de-sos-medecins-relatives-a-lepidemie-de-covid-19";"https://www.data.gouv.fr/fr/datasets/donnees-des-urgences-hospitalieres-et-de-sos-medecins-relatives-a-lepidemie-de-covid-19/";"Santé publique France";"5e721a395d57f93d0bed451f";"Licence Ouverte / Open Licence version 2.0";False;"2265d880-5260-4b34-8827-b3d76180032e";"https://static.data.gouv.fr/resources/donnees-relatives-a-lepidemie-du-covid-19/20200323-194934/metadonnee-urgenceshos-sosmedecin-covid19-quot.csv";"metadonnee-urgenceshos-sosmedecins-covid19-quot-dep.csv";"";"file";"csv";"text/csv";2694;"sha1";"f82854be4f6c99a887b6d03fc510e33ae4e9e679";"2020-03-23T19:49:34.576000";"2020-03-27T18:46:47.519000";997
"5e74ecf52eb7514f2d3b8845";"Données des urgences hospitalières et de SOS médecins relatives à l'épidémie de COVID-19 ";"donnees-des-urgences-hospitalieres-et-de-sos-medecins-relatives-a-lepidemie-de-covid-19";"https://www.data.gouv.fr/fr/datasets/donnees-des-urgences-hospitalieres-et-de-sos-medecins-relatives-a-lepidemie-de-covid-19/";"Santé publique France";"5e721a395d57f93d0bed451f";"Licence Ouverte / Open Licence version 2.0";False;"02c99d99-96a0-4953-8e30-04fd660530f6";"https://static.data.gouv.fr/resources/donnees-des-ugences-hospitalieres-et-de-sos-medecins-relatives-a-lepidemie-de-covid-19/20200327-184959/metadonnee-urgenceshos-sosmedecin-covid19-quot-reg.csv";"metadonnee-urgenceshos-sosmedecin-covid19-quot-reg.csv";"";"file";"csv";"text/csv";2682;"sha1";"11861d8a08e39d5ca093e7aa10b8c8cfdc431a8b";"2020-03-27T18:49:59.817000";"2020-03-27T18:50:07.711000";211
"5e74ecf52eb7514f2d3b8845";"Données des urgences hospitalières et de SOS médecins relatives à l'épidémie de COVID-19 ";"donnees-des-urgences-hospitalieres-et-de-sos-medecins-relatives-a-lepidemie-de-covid-19";"https://www.data.gouv.fr/fr/datasets/donnees-des-urgences-hospitalieres-et-de-sos-medecins-relatives-a-lepidemie-de-covid-19/";"Santé publique France";"5e721a395d57f93d0bed451f";"Licence Ouverte / Open Licence version 2.0";False;"0289e4fe-bb67-42b9-a320-cd22c98d82c3";"https://static.data.gouv.fr/resources/donnees-des-ugences-hospitalieres-et-de-sos-medecins-relatives-a-lepidemie-de-covid-19/20200327-185634/metadonnee-urgenceshos-sosmedecin-covid19-quot-fra.csv";"metadonnee-urgenceshos-sosmedecin-covid19-quot-fra.csv";"";"file";"csv";"text/csv";2680;"sha1";"4298826ae95608b509664b32dbf4833d0049a597";"2020-03-27T18:56:34.899000";"2020-03-27T18:56:51.696000";277
"5e74ecf52eb7514f2d3b8845";"Données des urgences hospitalières et de SOS médecins relatives à l'épidémie de COVID-19 ";"donnees-des-urgences-hospitalieres-et-de-sos-medecins-relatives-a-lepidemie-de-covid-19";"https://www.data.gouv.fr/fr/datasets/donnees-des-urgences-hospitalieres-et-de-sos-medecins-relatives-a-lepidemie-de-covid-19/";"Santé publique France";"5e721a395d57f93d0bed451f";"Licence Ouverte / Open Licence version 2.0";False;"8ed0a51f-147f-4c6b-b2f3-b50c88fc7c07";"https://static.data.gouv.fr/resources/donnees-relatives-a-lepidemie-du-covid-19/20200323-194955/metadonnee-urgenceshos-sosmedecin-covid19-hebdo.csv";"metadonnee-urgenceshos-sosmedecins-covid19-hebdo.csv";"";"file";"csv";"text/csv";1329;"sha1";"8ae0c8f49f35ff3ab611de8cc8650b1340fe87d0";"2020-03-23T19:49:55.734000";"2020-03-23T19:50:19.338000";327
"5e74ecf52eb7514f2d3b8845";"Données des urgences hospitalières et de SOS médecins relatives à l'épidémie de COVID-19 ";"donnees-des-urgences-hospitalieres-et-de-sos-medecins-relatives-a-lepidemie-de-covid-19";"https://www.data.gouv.fr/fr/datasets/donnees-des-urgences-hospitalieres-et-de-sos-medecins-relatives-a-lepidemie-de-covid-19/";"Santé publique France";"5e721a395d57f93d0bed451f";"Licence Ouverte / Open Licence version 2.0";False;"cbed61a8-64e8-4c8c-8e97-65d3a31a99b6";"https://static.data.gouv.fr/resources/donnees-relatives-a-lepidemie-du-covid-19/20200320-181924/code-tranches-dage.csv";"code-tranches-dage.csv";"";"file";"csv";"text/csv";110;"sha1";"06b8b6bd3c95ebc1a283bff184ab7c60b10e6ad7";"2020-03-20T18:19:24.201000";"2020-03-23T18:47:52.441000";1446
"5ea7eaf11739179063ca0847";"Niveaux d'excès de mortalité standardisé durant l'épidémie de COVID-19";"niveaux-dexces-de-mortalite-standardise-durant-lepidemie-de-covid-19";"https://www.data.gouv.fr/fr/datasets/niveaux-dexces-de-mortalite-standardise-durant-lepidemie-de-covid-19/";"Santé publique France";"5e721a395d57f93d0bed451f";"Licence Ouverte / Open Licence";False;"055ebba4-89dc-4996-962e-71dde6aaf7a6";"https://static.data.gouv.fr/resources/niveaux-dexces-de-mortalite-standardise-durant-lepidemie-de-covid-19/20200428-103810/niveau-exces-mortalite-covid19-dep.csv";"niveaux-exces-mortalite-covid19-dep.csv";"";"file";"csv";"text/csv";20080;"sha1";"9919de0c341a10cd7d65c82a3155787c659ac3fb";"2020-04-28T10:38:10.907000";"2020-04-28T10:51:33.236000";343
"5ea7eaf11739179063ca0847";"Niveaux d'excès de mortalité standardisé durant l'épidémie de COVID-19";"niveaux-dexces-de-mortalite-standardise-durant-lepidemie-de-covid-19";"https://www.data.gouv.fr/fr/datasets/niveaux-dexces-de-mortalite-standardise-durant-lepidemie-de-covid-19/";"Santé publique France";"5e721a395d57f93d0bed451f";"Licence Ouverte / Open Licence";False;"b5f8ee61-b852-4d1e-8de8-64d2fcdc0979";"https://static.data.gouv.fr/resources/niveaux-dexces-de-mortalite-standardise-durant-lepidemie-de-covid-19/20200428-103807/niveau-exces-mortalite-covid19-reg.csv";"niveaux-exces-mortalite-covid19-reg.csv";"";"file";"csv";"text/csv";3448;"sha1";"3816c7362e017c302a8d1d40f6f4adeceb6be42e";"2020-04-28T10:38:07.959000";"2020-04-28T10:51:38.406000";8
"5ea7eaf11739179063ca0847";"Niveaux d'excès de mortalité standardisé durant l'épidémie de COVID-19";"niveaux-dexces-de-mortalite-standardise-durant-lepidemie-de-covid-19";"https://www.data.gouv.fr/fr/datasets/niveaux-dexces-de-mortalite-standardise-durant-lepidemie-de-covid-19/";"Santé publique France";"5e721a395d57f93d0bed451f";"Licence Ouverte / Open Licence";False;"00dd3fe8-a619-405a-aaa5-582069d63a20";"https://static.data.gouv.fr/resources/niveaux-dexces-de-mortalite-standardise-durant-lepidemie-de-covid-19/20200428-104526/metadonnees-niveau-exces-mortalite-covid19.csv";"metadonnees-niveaux-exces-mortalite-covid19.csv";"";"file";"csv";"text/csv";294;"sha1";"0e5be246c5f0be9ed492da2c006fcb1666d8d79c";"2020-04-28T10:45:26.402000";"2020-04-28T10:51:43.961000";17
"5ea7eaf11739179063ca0847";"Niveaux d'excès de mortalité standardisé durant l'épidémie de COVID-19";"niveaux-dexces-de-mortalite-standardise-durant-lepidemie-de-covid-19";"https://www.data.gouv.fr/fr/datasets/niveaux-dexces-de-mortalite-standardise-durant-lepidemie-de-covid-19/";"Santé publique France";"5e721a395d57f93d0bed451f";"Licence Ouverte / Open Licence";False;"db47cc61-355d-4724-a9fd-15c7992a5f81";"https://static.data.gouv.fr/resources/niveaux-dexces-de-mortalite-standardise-durant-lepidemie-de-covid-19/20200428-105155/indicateur-niveaux-exces-mortalite-standardise.csv";"indicateur-niveaux-exces-mortalite-standardise.csv";"";"file";"csv";"text/csv";158;"sha1";"7c90d2aacac24534526d70359bd64994dfceab66";"2020-04-28T10:51:56.042000";"2020-04-28T10:52:02.491000";2
"5ed1175ca00bbe1e4941a46a";"Taux d'incidence de l'épidémie de COVID-19";"taux-dincidence-de-lepidemie-de-covid-19";"https://www.data.gouv.fr/fr/datasets/taux-dincidence-de-lepidemie-de-covid-19/";"Santé publique France";"5e721a395d57f93d0bed451f";"Licence Ouverte / Open Licence version 2.0";False;"dce002b0-0343-4864-9b39-673e3f5bb32e";"https://static.data.gouv.fr/resources/taux-dincidence-de-lepidemie-de-covid-19/20201021-094955/sidep-note-methodo-270820.pdf";"sidep-note-methodo-270820.pdf";"";"file";"pdf";"application/pdf";418200;"sha1";"525806ddf75a26bd9255d306e20ff5fe206212a6";"2020-10-21T09:49:55.216000";"2020-10-21T09:50:00.620000";16
"5ed1175ca00bbe1e4941a46a";"Taux d'incidence de l'épidémie de COVID-19";"taux-dincidence-de-lepidemie-de-covid-19";"https://www.data.gouv.fr/fr/datasets/taux-dincidence-de-lepidemie-de-covid-19/";"Santé publique France";"5e721a395d57f93d0bed451f";"Licence Ouverte / Open Licence version 2.0";False;"1124cf05-f6de-41cc-9830-79c9af2e2774";"https://static.data.gouv.fr/resources/taux-dincidence-de-lepidemie-de-covid-19/20201021-094945/faq-geodes-sidep-250920.pdf";"faq-geodes-sidep-250920.pdf";"";"file";"pdf";"application/pdf";321851;"sha1";"d87300836b4b88c5a48171625232fcc575c16653";"2020-10-21T09:49:45.707000";"2020-10-21T09:49:50.525000";0
"5ed1175ca00bbe1e4941a46a";"Taux d'incidence de l'épidémie de COVID-19";"taux-dincidence-de-lepidemie-de-covid-19";"https://www.data.gouv.fr/fr/datasets/taux-dincidence-de-lepidemie-de-covid-19/";"Santé publique France";"5e721a395d57f93d0bed451f";"Licence Ouverte / Open Licence version 2.0";False;"19a91d64-3cd3-42fc-9943-d635491a4d76";"https://static.data.gouv.fr/resources/taux-dincidence-de-lepidemie-de-covid-19/20201023-191505/sp-pe-tb-quot-dep-2020-10-23-19h15.csv";"sp-pe-tb-quot-dep-2020-10-23-19h15.csv";"";"file";"csv";"text/csv";4675812;"sha1";"4bb64a3ee258d6d325938bc9acb1c0d9f5ec128b";"2020-05-29T17:56:46.196000";"2020-10-23T19:15:06.219000";5930
"5ed1175ca00bbe1e4941a46a";"Taux d'incidence de l'épidémie de COVID-19";"taux-dincidence-de-lepidemie-de-covid-19";"https://www.data.gouv.fr/fr/datasets/taux-dincidence-de-lepidemie-de-covid-19/";"Santé publique France";"5e721a395d57f93d0bed451f";"Licence Ouverte / Open Licence version 2.0";False;"ad09241e-52fa-4be8-8298-e5760b43cae2";"https://static.data.gouv.fr/resources/taux-dincidence-de-lepidemie-de-covid-19/20201023-191509/sp-pe-tb-quot-reg-2020-10-23-19h15.csv";"sp-pe-tb-quot-reg-2020-10-23-19h15.csv";"";"file";"csv";"text/csv";1635496;"sha1";"a10d24f20c069a7cb0f04baae334f5daa907e17d";"2020-05-29T17:56:46.175000";"2020-10-23T19:15:09.371000";134
"5ed1175ca00bbe1e4941a46a";"Taux d'incidence de l'épidémie de COVID-19";"taux-dincidence-de-lepidemie-de-covid-19";"https://www.data.gouv.fr/fr/datasets/taux-dincidence-de-lepidemie-de-covid-19/";"Santé publique France";"5e721a395d57f93d0bed451f";"Licence Ouverte / Open Licence version 2.0";False;"57d44bd6-c9fd-424f-9a72-7834454f9e3c";"https://static.data.gouv.fr/resources/taux-dincidence-de-lepidemie-de-covid-19/20201023-191511/sp-pe-tb-quot-fra-2020-10-23-19h15.csv";"sp-pe-tb-quot-fra-2020-10-23-19h15.csv";"";"file";"csv";"text/csv";100540;"sha1";"7f266bd08f98888d445fcd64fde6fd1e3192e29a";"2020-05-29T17:56:46.135000";"2020-10-23T19:15:11.175000";405
"5ed1175ca00bbe1e4941a46a";"Taux d'incidence de l'épidémie de COVID-19";"taux-dincidence-de-lepidemie-de-covid-19";"https://www.data.gouv.fr/fr/datasets/taux-dincidence-de-lepidemie-de-covid-19/";"Santé publique France";"5e721a395d57f93d0bed451f";"Licence Ouverte / Open Licence version 2.0";False;"bb2a18f3-bdd5-4101-8687-945d6e4e435f";"https://static.data.gouv.fr/resources/taux-dincidence-de-lepidemie-de-covid-19/20201023-191509/sp-pe-tb-heb-dep-2020-10-23-19h15.csv";"sp-pe-tb-heb-dep-2020-10-23-19h15.csv";"";"file";"csv";"text/csv";597376;"sha1";"47635692ebf3d9abac3c807ad7699463de18152b";"2020-05-29T17:56:05.228000";"2020-10-23T19:15:09.863000";177
"5ed1175ca00bbe1e4941a46a";"Taux d'incidence de l'épidémie de COVID-19";"taux-dincidence-de-lepidemie-de-covid-19";"https://www.data.gouv.fr/fr/datasets/taux-dincidence-de-lepidemie-de-covid-19/";"Santé publique France";"5e721a395d57f93d0bed451f";"Licence Ouverte / Open Licence version 2.0";False;"66b09e9a-41b5-4ed6-b03c-9aef93a4b559";"https://static.data.gouv.fr/resources/taux-dincidence-de-lepidemie-de-covid-19/20201023-191502/sp-pe-tb-heb-fra-2020-10-23-19h15.csv";"sp-pe-tb-heb-fra-2020-10-23-19h15.csv";"";"file";"csv";"text/csv";13962;"sha1";"ac0322330c64b9047e641d87e59311615bdf2a81";"2020-05-29T17:56:05.219000";"2020-10-23T19:15:02.751000";18
"5ed1175ca00bbe1e4941a46a";"Taux d'incidence de l'épidémie de COVID-19";"taux-dincidence-de-lepidemie-de-covid-19";"https://www.data.gouv.fr/fr/datasets/taux-dincidence-de-lepidemie-de-covid-19/";"Santé publique France";"5e721a395d57f93d0bed451f";"Licence Ouverte / Open Licence version 2.0";False;"2360f82e-4fa4-475a-bc07-9caa206d9e32";"https://static.data.gouv.fr/resources/taux-dincidence-de-lepidemie-de-covid-19/20201023-191503/sp-pe-tb-heb-reg-2020-10-23-19h15.csv";"sp-pe-tb-heb-reg-2020-10-23-19h15.csv";"";"file";"csv";"text/csv";220703;"sha1";"bd0e89819917b4ff54925f45b1a02d8edec406c5";"2020-05-29T17:56:05.228000";"2020-10-23T19:15:03.247000";10
"5ed1175ca00bbe1e4941a46a";"Taux d'incidence de l'épidémie de COVID-19";"taux-dincidence-de-lepidemie-de-covid-19";"https://www.data.gouv.fr/fr/datasets/taux-dincidence-de-lepidemie-de-covid-19/";"Santé publique France";"5e721a395d57f93d0bed451f";"Licence Ouverte / Open Licence version 2.0";False;"4180a181-a648-402b-92e4-f7574647afa6";"https://static.data.gouv.fr/resources/taux-dincidence-de-lepidemie-de-covid-19/20201023-191510/sp-pe-std-quot-dep-2020-10-23-19h15.csv";"sp-pe-std-quot-dep-2020-10-23-19h15.csv";"";"file";"csv";"text/csv";551346;"sha1";"23a8fb679de32e4c70ef6455a21d09797def2d66";"2020-05-29T17:50:58.377000";"2020-10-23T19:15:10.683000";0
"5ed1175ca00bbe1e4941a46a";"Taux d'incidence de l'épidémie de COVID-19";"taux-dincidence-de-lepidemie-de-covid-19";"https://www.data.gouv.fr/fr/datasets/taux-dincidence-de-lepidemie-de-covid-19/";"Santé publique France";"5e721a395d57f93d0bed451f";"Licence Ouverte / Open Licence version 2.0";False;"23066f40-ddd2-40c9-931c-4257f36ad778";"https://static.data.gouv.fr/resources/taux-dincidence-de-lepidemie-de-covid-19/20201023-191510/sp-pe-std-quot-reg-2020-10-23-19h15.csv";"sp-pe-std-quot-reg-2020-10-23-19h15.csv";"";"file";"csv";"text/csv";115561;"sha1";"165c34997397c24e0ce4eb9f7e43eeb35b28b300";"2020-05-29T17:50:58.377000";"2020-10-23T19:15:10.303000";0
"5ed1175ca00bbe1e4941a46a";"Taux d'incidence de l'épidémie de COVID-19";"taux-dincidence-de-lepidemie-de-covid-19";"https://www.data.gouv.fr/fr/datasets/taux-dincidence-de-lepidemie-de-covid-19/";"Santé publique France";"5e721a395d57f93d0bed451f";"Licence Ouverte / Open Licence version 2.0";False;"59ad717b-b64e-4779-85f6-cd1b25b24703";"https://static.data.gouv.fr/resources/taux-dincidence-de-lepidemie-de-covid-19/20201023-191502/sp-pe-std-quot-fra-2020-10-23-19h15.csv";"sp-pe-std-quot-fra-2020-10-23-19h15.csv";"";"file";"csv";"text/csv";6124;"sha1";"fe2bf24737a4b280da1cea03d9d45275b1a89c1e";"2020-05-29T17:50:58.377000";"2020-10-23T19:15:02.323000";0
"5ed1175ca00bbe1e4941a46a";"Taux d'incidence de l'épidémie de COVID-19";"taux-dincidence-de-lepidemie-de-covid-19";"https://www.data.gouv.fr/fr/datasets/taux-dincidence-de-lepidemie-de-covid-19/";"Santé publique France";"5e721a395d57f93d0bed451f";"Licence Ouverte / Open Licence version 2.0";False;"d9f31e19-c018-43af-a089-aaec2bbcf4cf";"https://static.data.gouv.fr/resources/taux-dincidence-de-lepidemie-de-covid-19/20201023-191508/sp-pe-std-heb-reg-2020-10-23-19h15.csv";"sp-pe-std-heb-reg-2020-10-23-19h15.csv";"";"file";"csv";"text/csv";15400;"sha1";"f368c5f8a3cd0c673fcf0fbd2f0df4bef93d003f";"2020-05-29T17:54:17.181000";"2020-10-23T19:15:08.607000";0
"5ed1175ca00bbe1e4941a46a";"Taux d'incidence de l'épidémie de COVID-19";"taux-dincidence-de-lepidemie-de-covid-19";"https://www.data.gouv.fr/fr/datasets/taux-dincidence-de-lepidemie-de-covid-19/";"Santé publique France";"5e721a395d57f93d0bed451f";"Licence Ouverte / Open Licence version 2.0";False;"b4c0001e-fc7e-46a8-a6c4-441f54f8e061";"https://static.data.gouv.fr/resources/taux-dincidence-de-lepidemie-de-covid-19/20201023-191511/sp-pe-std-heb-fra-2020-10-23-19h15.csv";"sp-pe-std-heb-fra-2020-10-23-19h15.csv";"";"file";"csv";"text/csv";818;"sha1";"835fa4631c87a8bdbbe8644e218f4859ca68c3a7";"2020-05-29T17:54:17.171000";"2020-10-23T19:15:12.011000";0
"5ed1175ca00bbe1e4941a46a";"Taux d'incidence de l'épidémie de COVID-19";"taux-dincidence-de-lepidemie-de-covid-19";"https://www.data.gouv.fr/fr/datasets/taux-dincidence-de-lepidemie-de-covid-19/";"Santé publique France";"5e721a395d57f93d0bed451f";"Licence Ouverte / Open Licence version 2.0";False;"071f41a9-f378-44f5-8826-ed20e72d4688";"https://static.data.gouv.fr/resources/taux-dincidence-de-lepidemie-de-covid-19/20201023-191503/sp-pe-std-heb-dep-2020-10-23-19h15.csv";"sp-pe-std-heb-dep-2020-10-23-19h15.csv";"";"file";"csv";"text/csv";74714;"sha1";"7130068205b6cf01f7cd431ec6a24c105c2d7148";"2020-05-29T17:54:17.154000";"2020-10-23T19:15:03.639000";0
"5ed1175ca00bbe1e4941a46a";"Taux d'incidence de l'épidémie de COVID-19";"taux-dincidence-de-lepidemie-de-covid-19";"https://www.data.gouv.fr/fr/datasets/taux-dincidence-de-lepidemie-de-covid-19/";"Santé publique France";"5e721a395d57f93d0bed451f";"Licence Ouverte / Open Licence version 2.0";False;"3c18e242-7d45-44f2-ac70-dee78a38ee1c";"https://static.data.gouv.fr/resources/taux-dincidence-de-lepidemie-de-covid-19/20201023-191512/sp-ti-tp-7j-dep-2020-10-23-19h15.csv";"sp-ti-tp-7j-dep-2020-10-23-19h15.csv";"";"file";"csv";"text/csv";651697;"sha1";"2922c4bbedeae4b7ac82856f72e70a041cf20cff";"2020-05-29T17:58:40.244000";"2020-10-23T19:15:12.927000";0
"5ed1175ca00bbe1e4941a46a";"Taux d'incidence de l'épidémie de COVID-19";"taux-dincidence-de-lepidemie-de-covid-19";"https://www.data.gouv.fr/fr/datasets/taux-dincidence-de-lepidemie-de-covid-19/";"Santé publique France";"5e721a395d57f93d0bed451f";"Licence Ouverte / Open Licence version 2.0";False;"36ab36ea-d073-4543-9ea0-a64a0175083f";"https://static.data.gouv.fr/resources/taux-dincidence-de-lepidemie-de-covid-19/20201023-191513/sp-ti-tp-7j-reg-2020-10-23-19h15.csv";"sp-ti-tp-7j-reg-2020-10-23-19h15.csv";"";"file";"csv";"text/csv";135010;"sha1";"de776f5a1924f1936e49354b695be0f8b460713c";"2020-05-29T17:58:40.234000";"2020-10-23T19:15:13.391000";0
"5ed1175ca00bbe1e4941a46a";"Taux d'incidence de l'épidémie de COVID-19";"taux-dincidence-de-lepidemie-de-covid-19";"https://www.data.gouv.fr/fr/datasets/taux-dincidence-de-lepidemie-de-covid-19/";"Santé publique France";"5e721a395d57f93d0bed451f";"Licence Ouverte / Open Licence version 2.0";False;"cbd6477e-bda6-485d-afdc-8e61b904d771";"https://static.data.gouv.fr/resources/taux-dincidence-de-lepidemie-de-covid-19/20201023-191514/sp-ti-tp-7j-fra-2020-10-23-19h15.csv";"sp-ti-tp-7j-fra-2020-10-23-19h15.csv";"";"file";"csv";"text/csv";7276;"sha1";"5fbd6df526dbd7eb177db721e78e0d801698e63a";"2020-05-29T17:58:40.234000";"2020-10-23T19:15:14.287000";0
"5ed1175ca00bbe1e4941a46a";"Taux d'incidence de l'épidémie de COVID-19";"taux-dincidence-de-lepidemie-de-covid-19";"https://www.data.gouv.fr/fr/datasets/taux-dincidence-de-lepidemie-de-covid-19/";"Santé publique France";"5e721a395d57f93d0bed451f";"Licence Ouverte / Open Licence version 2.0";False;"aa7a0f1c-89e3-4d40-af94-6f226202ada3";"https://static.data.gouv.fr/resources/taux-dincidence-de-lepidemie-de-covid-19/20200703-191522/sp-pe-tb-quot-2020-07-03-19h15.xlsx";"sp-pe-tb-quot-2020-07-03-19h15.xlsx";"";"file";"xlsx";"application/vnd.openxmlformats-officedocument.spreadsheetml.sheet";1723169;"sha1";"c14a621a3ea11da0dd9818cee52538586fe62441";"2020-05-29T17:24:45.446000";"2020-07-03T19:15:22.995000";0
"5ed1175ca00bbe1e4941a46a";"Taux d'incidence de l'épidémie de COVID-19";"taux-dincidence-de-lepidemie-de-covid-19";"https://www.data.gouv.fr/fr/datasets/taux-dincidence-de-lepidemie-de-covid-19/";"Santé publique France";"5e721a395d57f93d0bed451f";"Licence Ouverte / Open Licence version 2.0";False;"f9e0b0f6-8b54-48ee-b91b-47d5efa914a9";"https://static.data.gouv.fr/resources/taux-dincidence-de-lepidemie-de-covid-19/20200701-191535/sp-pe-tb-heb-2020-07-01-19h15.xlsx";"sp-pe-tb-heb-2020-07-01-19h15.xlsx";"";"file";"xlsx";"application/vnd.openxmlformats-officedocument.spreadsheetml.sheet";231910;"sha1";"c07fbe5a6a003f618c75d1a01f71c5543a5ec9a9";"2020-05-29T17:24:53.287000";"2020-07-01T19:15:35.244000";0
"5ed1175ca00bbe1e4941a46a";"Taux d'incidence de l'épidémie de COVID-19";"taux-dincidence-de-lepidemie-de-covid-19";"https://www.data.gouv.fr/fr/datasets/taux-dincidence-de-lepidemie-de-covid-19/";"Santé publique France";"5e721a395d57f93d0bed451f";"Licence Ouverte / Open Licence version 2.0";False;"4964c5d0-c7c2-48ce-967d-81bc1f14e00f";"https://static.data.gouv.fr/resources/taux-dincidence-de-lepidemie-de-covid-19/20200703-191516/sp-pe-std-quot-2020-07-03-19h15.xlsx";"sp-pe-std-quot-2020-07-03-19h15.xlsx";"";"file";"xlsx";"application/vnd.openxmlformats-officedocument.spreadsheetml.sheet";187545;"sha1";"cf53d513999d7534814ef6a732407835809b10a4";"2020-05-29T17:24:56.765000";"2020-07-03T19:15:16.707000";0
"5ed1175ca00bbe1e4941a46a";"Taux d'incidence de l'épidémie de COVID-19";"taux-dincidence-de-lepidemie-de-covid-19";"https://www.data.gouv.fr/fr/datasets/taux-dincidence-de-lepidemie-de-covid-19/";"Santé publique France";"5e721a395d57f93d0bed451f";"Licence Ouverte / Open Licence version 2.0";False;"cb8760ed-1e2d-460f-91ea-5eb82eab0920";"https://static.data.gouv.fr/resources/taux-dincidence-de-lepidemie-de-covid-19/20200701-191525/sp-pe-std-heb-2020-07-01-19h15.xlsx";"sp-pe-std-heb-2020-07-01-19h15.xlsx";"";"file";"xlsx";"application/vnd.openxmlformats-officedocument.spreadsheetml.sheet";32408;"sha1";"c41c6058d4b39322572e8bd1221e6232895ad44f";"2020-05-29T17:19:06.628000";"2020-07-01T19:15:25.788000";0
"5ed1175ca00bbe1e4941a46a";"Taux d'incidence de l'épidémie de COVID-19";"taux-dincidence-de-lepidemie-de-covid-19";"https://www.data.gouv.fr/fr/datasets/taux-dincidence-de-lepidemie-de-covid-19/";"Santé publique France";"5e721a395d57f93d0bed451f";"Licence Ouverte / Open Licence version 2.0";False;"a4eecf68-9013-4876-a49c-bdf342105fc7";"https://static.data.gouv.fr/resources/taux-dincidence-de-lepidemie-de-covid-19/20200703-191519/sp-ti-tp-7j-2020-07-03-19h15.xlsx";"sp-ti-tp-7j-2020-07-03-19h15.xlsx";"";"file";"xlsx";"application/vnd.openxmlformats-officedocument.spreadsheetml.sheet";182582;"sha1";"f526f981c17773cfc4207320275c2822ce425613";"2020-05-29T18:01:10.686000";"2020-07-03T19:15:19.215000";0
"5ed1175ca00bbe1e4941a46a";"Taux d'incidence de l'épidémie de COVID-19";"taux-dincidence-de-lepidemie-de-covid-19";"https://www.data.gouv.fr/fr/datasets/taux-dincidence-de-lepidemie-de-covid-19/";"Santé publique France";"5e721a395d57f93d0bed451f";"Licence Ouverte / Open Licence version 2.0";False;"a8b5931a-3aa7-4aec-a81b-8b3de628cf63";"https://static.data.gouv.fr/resources/taux-dincidence-de-lepidemie-de-covid-19/20200529-170119/metadonnees-incidence.xlsx";"metadonnees-incidence.xlsx";"Description des métadonnées.";"file";"xlsx";"application/vnd.openxmlformats-officedocument.spreadsheetml.sheet";10555;"sha1";"f61e6ee185b8c17f553ad7480599a1e23211dd94";"2020-05-29T17:01:19.832000";"2020-05-29T18:01:32.162000";219
